blacklisted_by_me;can_see_all_posts;can_send_friend_request;city;faculty;graduation;has_photo;relation;wall_comments;universities_country;universities_graduation;universities_faculty;personal_lang_Русский;personal_lang_English;personal_alcohol;personal_people_main;personal_smoking;personal_lang_Романи;personal_lang_Italiano;school_city;school_country;school_type;school_year_graduated;career_city_id;career_group_id;career_until;uid;uid;uid
0.0;1.0;1.0;610.0;0.0;2006.0;0;0.0;1.0;3.0;2006.0;;0.0;0.0;;;;0.0;0.0;610.0;0.0;1.0;2001.0;;;;26321178;26321178;26321178
0.0;0.0;1.0;1.0;0.0;0.0;1;0.0;1.0;;;;1.0;1.0;;;;0.0;0.0;1.0;1.0;;;;;;282343969;282343969;282343969
0.0;1.0;1.0;392.0;0.0;0.0;1;4.0;1.0;;;;0.0;0.0;;;;0.0;0.0;392.0;3.0;;2005.0;;;;166935847;166935847;166935847
0.0;0.0;1.0;151.0;;;1;;1.0;;;;0.0;0.0;;;;0.0;0.0;;;;;;;;13955970;13955970;13955970
0.0;1.0;1.0;2086.0;0.0;0.0;1;0.0;1.0;;;;0.0;0.0;;;;0.0;0.0;2086.0;1.0;;2019.0;;;;344820263;344820263;344820263
0.0;1.0;1.0;284.0;0.0;0.0;1;6.0;1.0;;;;0.0;0.0;;;;0.0;0.0;284.0;4.0;13.0;2021.0;;;;237909561;237909561;237909561
0.0;0.0;1.0;1.0;;;1;;1.0;;;;0.0;0.0;;;;0.0;0.0;;;;;;;;102725951;102725951;102725951
0.0;1.0;1.0;151.0;;;1;;1.0;;;;0.0;0.0;;;;0.0;0.0;;;;;;;;64493273;64493273;64493273
0.0;1.0;1.0;1.0;0.0;0.0;0;0.0;1.0;;;;0.0;0.0;;;;0.0;0.0;1.0;1.0;;1995.0;;;;229142258;229142258;229142258
0.0;1.0;1.0;1496.0;0.0;0.0;1;1.0;1.0;;;;0.0;0.0;;;;0.0;0.0;1496.0;1.0;;;;;;296625301;296625301;296625301
0.0;1.0;1.0;2131.0;0.0;0.0;1;0.0;1.0;;;;0.0;0.0;;;;0.0;0.0;2131.0;4.0;;2020.0;;;;277112329;277112329;277112329
0.0;1.0;1.0;1.0;0.0;0.0;0;0.0;1.0;;;;0.0;0.0;;;;0.0;0.0;1.0;1.0;;;;;;78372316;78372316;78372316
0.0;1.0;1.0;158.0;0.0;0.0;0;0.0;1.0;;;;0.0;0.0;;;;0.0;0.0;158.0;1.0;;1975.0;;;;213777193;213777193;213777193
0.0;1.0;1.0;280.0;0.0;0.0;1;1.0;1.0;;;;0.0;0.0;2.0;;;0.0;0.0;280.0;2.0;;;;;;220968215;220968215;220968215
0.0;1.0;1.0;1.0;0.0;0.0;0;0.0;1.0;1.0;;;0.0;0.0;;;;0.0;0.0;314.0;2.0;;;;;;72034582;72034582;72034582
0.0;1.0;1.0;13000.0;0.0;0.0;0;0.0;1.0;;;;0.0;0.0;;;;0.0;0.0;13000.0;2.0;;;;;;68031269;68031269;68031269
0.0;1.0;1.0;12269.0;0.0;0.0;0;1.0;1.0;;;;0.0;0.0;;;;0.0;0.0;22.0;1.0;;;;;;97469324;97469324;97469324
0.0;1.0;1.0;1.0;0.0;0.0;1;0.0;1.0;;;;0.0;0.0;;;;0.0;0.0;1.0;1.0;;;;;;221561186;221561186;221561186
0.0;1.0;1.0;116.0;0.0;0.0;1;0.0;1.0;;;;0.0;0.0;;;;0.0;0.0;116.0;1.0;;;;;;113573524;113573524;113573524
0.0;1.0;1.0;1.0;0.0;0.0;1;0.0;1.0;;;;0.0;0.0;;;;0.0;0.0;1.0;1.0;2.0;2010.0;;;;166780071;166780071;166780071
0.0;1.0;1.0;1469.0;2096194.0;0.0;1;4.0;1.0;1.0;;2096194.0;0.0;0.0;;;;0.0;0.0;1469.0;1.0;;;;;;108083734;108083734;108083734
0.0;1.0;1.0;1508221.0;0.0;0.0;0;0.0;1.0;;;;0.0;0.0;;;;0.0;0.0;1508221.0;0.0;;;;;;25483679;25483679;25483679
0.0;1.0;1.0;13112.0;0.0;0.0;1;0.0;1.0;;;;0.0;0.0;;;;0.0;0.0;13112.0;1.0;;;;;;111582873;111582873;111582873
0.0;1.0;1.0;223.0;2018154.0;1984.0;1;0.0;1.0;2.0;1984.0;2018154.0;0.0;0.0;;;;0.0;0.0;;;;;;;;368172462;368172462;368172462
0.0;1.0;1.0;42.0;0.0;0.0;1;0.0;1.0;;;;0.0;0.0;;;;0.0;0.0;42.0;1.0;7.0;;;;;196018990;196018990;196018990
0.0;0.0;1.0;141.0;;;1;;0.0;;;;0.0;0.0;;;;0.0;0.0;;;;;;;;227557500;227557500;227557500
0.0;1.0;1.0;56.0;0.0;0.0;0;0.0;1.0;;;;0.0;0.0;;;;0.0;0.0;56.0;1.0;7.0;2011.0;;;;218652965;218652965;218652965
0.0;1.0;1.0;41.0;0.0;0.0;1;0.0;1.0;;;;0.0;0.0;;;;0.0;0.0;41.0;1.0;;;;;;79085506;79085506;79085506
0.0;1.0;1.0;161.0;0.0;0.0;1;5.0;1.0;;;;0.0;0.0;;;;0.0;0.0;161.0;1.0;;;;;;345917194;345917194;345917194
0.0;0.0;1.0;280.0;0.0;0.0;1;0.0;0.0;;;;0.0;0.0;;;;0.0;0.0;280.0;2.0;;;;;;282894063;282894063;282894063
0.0;0.0;1.0;5974.0;;;1;;0.0;;;;0.0;0.0;;;;0.0;0.0;;;;;;;;147028316;147028316;147028316
0.0;0.0;1.0;0.0;;;1;;1.0;;;;0.0;0.0;;;;0.0;0.0;;;;;;;;5506411;5506411;5506411
0.0;1.0;1.0;762.0;222310.0;1990.0;1;0.0;1.0;6.0;1990.0;222310.0;0.0;0.0;;;;0.0;0.0;;;;;;;;363891309;363891309;363891309
0.0;1.0;1.0;49.0;18777.0;0.0;0;0.0;1.0;1.0;;18777.0;0.0;0.0;;;;0.0;0.0;;;;;;;;56137059;56137059;56137059
0.0;1.0;1.0;223.0;0.0;0.0;1;0.0;1.0;;;;0.0;0.0;;;;0.0;0.0;223.0;2.0;2.0;;;;;106346249;106346249;106346249
0.0;0.0;1.0;93.0;;;1;;1.0;;;;0.0;0.0;;;;0.0;0.0;;;;;;;;68891299;68891299;68891299
0.0;0.0;1.0;392.0;;;1;;1.0;;;;0.0;0.0;;;;0.0;0.0;;;;;;;;23589112;23589112;23589112
0.0;1.0;1.0;3255.0;0.0;0.0;1;0.0;1.0;;;;1.0;1.0;4.0;6.0;4.0;0.0;0.0;3255.0;1.0;;2018.0;;;;176804374;176804374;176804374
0.0;1.0;1.0;1449.0;0.0;0.0;1;0.0;1.0;;;;0.0;0.0;;;;0.0;0.0;1449.0;1.0;;2020.0;;;;220648419;220648419;220648419
0.0;1.0;1.0;0.0;0.0;0.0;0;0.0;1.0;;;;0.0;0.0;;;;0.0;0.0;124.0;1.0;;2017.0;;;;204058573;204058573;204058573
0.0;1.0;1.0;0.0;0.0;0.0;1;0.0;1.0;;;;0.0;0.0;;;;0.0;0.0;14422.0;1.0;;2018.0;;;;320401394;320401394;320401394
0.0;0.0;1.0;66.0;14301.0;2008.0;1;0.0;1.0;1.0;2008.0;14301.0;0.0;0.0;;;;0.0;0.0;66.0;1.0;;;;;;124260335;124260335;124260335
0.0;1.0;1.0;134.0;2775.0;2015.0;0;0.0;1.0;1.0;2015.0;2775.0;0.0;0.0;;;;0.0;0.0;134.0;1.0;2.0;2011.0;;;;166778507;166778507;166778507
0.0;1.0;1.0;0.0;0.0;0.0;1;0.0;1.0;;;;0.0;0.0;;;;0.0;0.0;223.0;2.0;13.0;2016.0;;;;73902020;73902020;73902020
0.0;1.0;1.0;140.0;177758.0;0.0;1;3.0;1.0;1.0;;177758.0;0.0;0.0;;;;0.0;0.0;140.0;1.0;;;;;;245727917;245727917;245727917
0.0;0.0;1.0;1158.0;;;1;;1.0;;;;0.0;0.0;;;;0.0;0.0;;;;;;;;17270385;17270385;17270385
0.0;1.0;1.0;467.0;61445.0;2011.0;1;0.0;1.0;3.0;2011.0;61445.0;0.0;0.0;;;;0.0;0.0;467.0;3.0;;2006.0;;;;21906580;21906580;21906580
0.0;1.0;1.0;2.0;333.0;2007.0;1;0.0;1.0;1.0;2007.0;333.0;0.0;0.0;;;;0.0;0.0;2.0;1.0;;;;;;313317725;313317725;313317725
0.0;1.0;1.0;1223.0;0.0;0.0;0;1.0;1.0;;;;0.0;0.0;;;;0.0;0.0;1223.0;15.0;1.0;1993.0;;;;168171554;168171554;168171554
0.0;1.0;1.0;147.0;0.0;0.0;1;0.0;1.0;;;;0.0;0.0;;;;0.0;0.0;147.0;1.0;;1980.0;;;;169143297;169143297;169143297
0.0;0.0;0.0;0.0;;;1;;1.0;;;;0.0;0.0;;;;0.0;0.0;;;;;;;;34033733;34033733;34033733
0.0;0.0;1.0;0.0;;;1;;1.0;;;;0.0;0.0;;;;0.0;0.0;;;;;;;;216486040;216486040;216486040
0.0;1.0;1.0;1936315.0;313466.0;1997.0;1;4.0;1.0;207.0;1997.0;313466.0;0.0;1.0;5.0;2.0;2.0;0.0;0.0;1970123.0;207.0;;1991.0;;;;357985529;357985529;357985529
0.0;1.0;1.0;110.0;41172.0;2010.0;1;0.0;1.0;1.0;2010.0;41172.0;0.0;0.0;;;;0.0;0.0;110.0;1.0;;2000.0;;;;260508832;260508832;260508832
0.0;0.0;1.0;49.0;;;1;;1.0;;;;0.0;0.0;;;;0.0;0.0;;;;;;;;137039184;137039184;137039184
0.0;1.0;1.0;97.0;0.0;0.0;1;6.0;1.0;;;;0.0;0.0;;;;0.0;0.0;97.0;1.0;;2015.0;;;;82728097;82728097;82728097
0.0;1.0;1.0;204.0;663006.0;2021.0;0;0.0;1.0;11.0;2021.0;663006.0;0.0;0.0;;;;0.0;0.0;204.0;11.0;5.0;2022.0;;;;313063238;313063238;313063238
0.0;1.0;1.0;1161175.0;0.0;0.0;0;0.0;1.0;;;;0.0;0.0;;;;0.0;0.0;1161175.0;1.0;;1993.0;;;;193738398;193738398;193738398
0.0;1.0;1.0;3092.0;33644.0;2017.0;1;0.0;1.0;2.0;2017.0;33644.0;0.0;0.0;;;;0.0;0.0;3092.0;2.0;;2018.0;;;;140243831;140243831;140243831
0.0;1.0;1.0;2642.0;267572.0;1987.0;1;1.0;1.0;2.0;1987.0;267572.0;0.0;0.0;;;;0.0;0.0;5089.0;2.0;1.0;1980.0;;;;25730974;25730974;25730974
0.0;0.0;1.0;114.0;;;1;;1.0;;;;0.0;0.0;;;;0.0;0.0;;;;;;;;55866080;55866080;55866080
0.0;1.0;1.0;19977.0;0.0;0.0;1;0.0;1.0;;;;0.0;0.0;;;;0.0;0.0;19977.0;1.0;;2018.0;;;;186733860;186733860;186733860
0.0;1.0;1.0;161.0;0.0;0.0;0;0.0;1.0;;;;0.0;0.0;;;;0.0;0.0;161.0;1.0;;2018.0;;;;232502811;232502811;232502811
0.0;1.0;1.0;2.0;;;1;;1.0;;;;0.0;0.0;;;;0.0;0.0;;;;;;;;4505099;4505099;4505099
0.0;1.0;1.0;1463.0;0.0;0.0;1;4.0;1.0;;;;1.0;1.0;3.0;1.0;2.0;0.0;0.0;1463.0;1.0;;;1.0;149599171.0;;309828292;309828292;309828292
0.0;1.0;1.0;1152023.0;0.0;0.0;1;0.0;1.0;;;;0.0;0.0;2.0;2.0;2.0;0.0;0.0;10833.0;1.0;;1989.0;;;;86577892;86577892;86577892
0.0;1.0;1.0;1.0;26.0;1978.0;1;0.0;1.0;1.0;1978.0;26.0;0.0;0.0;;;;0.0;0.0;1.0;1.0;;1975.0;;;;354637378;354637378;354637378
0.0;1.0;1.0;1.0;0.0;0.0;1;1.0;1.0;1.0;;;0.0;0.0;4.0;6.0;5.0;0.0;0.0;16503.0;1.0;1.0;2011.0;42.0;;;139627373;139627373;139627373
0.0;1.0;1.0;17578.0;2238014.0;2015.0;1;0.0;1.0;221.0;2015.0;2238014.0;0.0;0.0;;;;0.0;0.0;17578.0;221.0;;2012.0;;;;356081321;356081321;356081321
0.0;0.0;1.0;2.0;;;1;;1.0;;;;0.0;0.0;;;;0.0;0.0;;;;;;;;941901;941901;941901
0.0;1.0;1.0;119.0;0.0;0.0;0;0.0;1.0;1.0;;;0.0;0.0;;;;0.0;0.0;1079800.0;1.0;;2011.0;;;;183835499;183835499;183835499
0.0;0.0;1.0;4591.0;;;1;;1.0;;;;0.0;0.0;;;;0.0;0.0;;;;;;;;260777986;260777986;260777986
0.0;1.0;1.0;148.0;24643.0;0.0;1;3.0;1.0;1.0;;24643.0;0.0;0.0;4.0;6.0;4.0;0.0;0.0;148.0;1.0;;2020.0;148.0;;1955.0;203717727;203717727;203717727
0.0;1.0;1.0;4834.0;0.0;0.0;1;0.0;1.0;;;;0.0;0.0;;;;0.0;0.0;4834.0;1.0;;2019.0;;;;316264540;316264540;316264540
0.0;1.0;1.0;1515878.0;0.0;0.0;0;0.0;1.0;;;;0.0;0.0;;;;0.0;0.0;1937246.0;16.0;;;;;;134718040;134718040;134718040
0.0;1.0;1.0;49.0;0.0;1994.0;1;0.0;1.0;1.0;1994.0;;0.0;0.0;;;;0.0;0.0;1004925.0;1.0;;1977.0;;;;197950217;197950217;197950217
0.0;1.0;1.0;1.0;0.0;0.0;1;0.0;1.0;1.0;;;0.0;0.0;;;;0.0;0.0;;;;;;;;184558763;184558763;184558763
0.0;1.0;1.0;5115.0;0.0;0.0;1;0.0;1.0;;;;0.0;0.0;;;;0.0;0.0;5115.0;1.0;;;;;;174505241;174505241;174505241
0.0;0.0;1.0;1505348.0;;;1;;1.0;;;;0.0;0.0;;;;0.0;0.0;;;;;;;;87837740;87837740;87837740
0.0;1.0;1.0;73.0;0.0;0.0;1;0.0;1.0;;;;1.0;1.0;1.0;5.0;1.0;0.0;0.0;73.0;1.0;;;;;;181537272;181537272;181537272
0.0;1.0;1.0;1965294.0;2153461.0;2005.0;0;6.0;1.0;7.0;2005.0;2153461.0;0.0;0.0;;;;0.0;0.0;1965294.0;7.0;3.0;2000.0;;;;314178353;314178353;314178353
0.0;1.0;1.0;3170.0;0.0;0.0;0;0.0;1.0;;;;0.0;0.0;;;;0.0;0.0;3170.0;2.0;;;;;;187860578;187860578;187860578
0.0;1.0;1.0;10.0;9131.0;0.0;1;0.0;1.0;1.0;;9131.0;0.0;0.0;;;;0.0;0.0;;;;;;;;161983775;161983775;161983775
0.0;1.0;1.0;21657.0;0.0;0.0;0;0.0;1.0;;;;0.0;0.0;;;;0.0;0.0;21657.0;4.0;;2009.0;;;;242985101;242985101;242985101
0.0;1.0;1.0;20.0;0.0;2008.0;0;4.0;1.0;1.0;2008.0;;0.0;0.0;;;;0.0;0.0;;;;;;;;141566871;141566871;141566871
0.0;0.0;1.0;88.0;313024.0;2015.0;1;6.0;1.0;1.0;2015.0;313024.0;0.0;0.0;;;;0.0;0.0;88.0;1.0;;2003.0;88.0;;;4676211;4676211;4676211
0.0;1.0;1.0;2.0;0.0;0.0;1;6.0;1.0;;;;0.0;0.0;;;;0.0;0.0;5.0;1.0;;2009.0;;;;107439931;107439931;107439931
0.0;1.0;1.0;552.0;0.0;0.0;1;1.0;1.0;;;;0.0;0.0;;;;0.0;0.0;552.0;2.0;;2015.0;;;;209733849;209733849;209733849
0.0;1.0;1.0;1.0;0.0;1989.0;1;0.0;1.0;1.0;1989.0;;0.0;0.0;;;;0.0;0.0;263.0;65.0;;1984.0;;;;47533033;47533033;47533033
0.0;1.0;1.0;151.0;0.0;0.0;1;2.0;1.0;1.0;;;1.0;1.0;;;;0.0;0.0;151.0;1.0;1.0;;151.0;;;179353443;179353443;179353443
0.0;0.0;1.0;0.0;;;1;;1.0;;;;0.0;0.0;;;;0.0;0.0;;;;;;;;258097351;258097351;258097351
0.0;0.0;1.0;314.0;;;1;;1.0;;;;0.0;0.0;;;;0.0;0.0;;;;;;;;75734353;75734353;75734353
0.0;1.0;1.0;1517642.0;0.0;0.0;0;0.0;1.0;;;;0.0;0.0;;;;0.0;0.0;1702304.0;4.0;;;;;;200008178;200008178;200008178
0.0;1.0;1.0;1581.0;0.0;0.0;0;0.0;1.0;;;;0.0;0.0;;;;0.0;0.0;1581.0;2.0;;;;;;203237624;203237624;203237624
0.0;1.0;1.0;2510.0;0.0;0.0;0;0.0;1.0;;;;0.0;0.0;;;;0.0;0.0;223.0;2.0;;;;;;330625189;330625189;330625189
0.0;1.0;1.0;627.0;0.0;0.0;1;0.0;1.0;;;;0.0;0.0;;;;0.0;0.0;627.0;2.0;;;;;;268815965;268815965;268815965
0.0;1.0;1.0;2368.0;0.0;0.0;1;1.0;1.0;;;;0.0;0.0;;;;0.0;0.0;2368.0;4.0;;;2368.0;65907873.0;;270233312;270233312;270233312
0.0;1.0;1.0;73.0;0.0;0.0;0;0.0;1.0;;;;0.0;0.0;;;;0.0;0.0;73.0;1.0;;2016.0;;;;110251119;110251119;110251119
0.0;1.0;1.0;0.0;0.0;0.0;1;1.0;1.0;;;;0.0;0.0;;;;0.0;0.0;1949250.0;11.0;;2010.0;;;;93974529;93974529;93974529
0.0;1.0;1.0;1710959.0;141968.0;2017.0;0;0.0;1.0;15.0;2017.0;141968.0;0.0;0.0;;;;0.0;0.0;1710959.0;15.0;1.0;2018.0;;;;228674337;228674337;228674337
0.0;1.0;1.0;49.0;;;1;;1.0;;;;0.0;0.0;;;;0.0;0.0;;;;;;;;25250925;25250925;25250925
0.0;1.0;1.0;2980.0;3184.0;0.0;1;1.0;1.0;1.0;;3184.0;0.0;0.0;;;;0.0;0.0;2980.0;1.0;;2012.0;;;;155825756;155825756;155825756
0.0;1.0;1.0;7094.0;0.0;0.0;1;0.0;1.0;;;;0.0;0.0;;;;0.0;0.0;7094.0;4.0;;2017.0;;;;222142579;222142579;222142579
0.0;0.0;1.0;158.0;;;1;;0.0;;;;0.0;0.0;;;;0.0;0.0;;;;;;;;33446478;33446478;33446478
0.0;1.0;1.0;314.0;;;0;;1.0;;;;0.0;0.0;;;;0.0;0.0;;;;;;;;30917102;30917102;30917102
0.0;1.0;1.0;276.0;207627.0;1997.0;1;0.0;1.0;2.0;1997.0;207627.0;0.0;0.0;;;;0.0;0.0;3004.0;2.0;;1992.0;;;;162343319;162343319;162343319
0.0;1.0;1.0;94.0;0.0;0.0;1;0.0;1.0;;;;0.0;0.0;;;;0.0;0.0;94.0;1.0;;;;;;353733595;353733595;353733595
0.0;1.0;1.0;25.0;3248.0;2005.0;1;0.0;1.0;1.0;2005.0;3248.0;0.0;0.0;4.0;;4.0;0.0;0.0;1312.0;1.0;;2000.0;;;;56636062;56636062;56636062
0.0;1.0;1.0;1713629.0;0.0;0.0;1;0.0;1.0;;;;0.0;0.0;;;;0.0;0.0;1713629.0;12.0;;1986.0;;;;239708675;239708675;239708675
0.0;1.0;1.0;916.0;0.0;0.0;1;7.0;1.0;;;;0.0;0.0;;;;0.0;0.0;916.0;2.0;;;;;;177307784;177307784;177307784
0.0;1.0;1.0;1135.0;0.0;0.0;0;0.0;1.0;;;;0.0;0.0;;;;0.0;0.0;1135.0;1.0;;1989.0;;;;189726502;189726502;189726502
0.0;0.0;1.0;37.0;;;1;;1.0;;;;0.0;0.0;;;;0.0;0.0;;;;;;;;269451948;269451948;269451948
0.0;1.0;1.0;314.0;150476.0;1996.0;1;4.0;1.0;2.0;1996.0;150476.0;0.0;0.0;;;;0.0;0.0;;;;;;;;238492108;238492108;238492108
0.0;0.0;1.0;1.0;;;1;;1.0;;;;0.0;0.0;;;;0.0;0.0;;;;;;;;179748398;179748398;179748398
0.0;1.0;1.0;1.0;0.0;0.0;0;0.0;1.0;;;;0.0;0.0;;;;0.0;0.0;1.0;1.0;;2002.0;;;;342851606;342851606;342851606
0.0;1.0;1.0;628.0;1313417.0;2016.0;1;0.0;1.0;2.0;2016.0;1313417.0;0.0;0.0;;;;0.0;0.0;628.0;2.0;;2016.0;;;;76479666;76479666;76479666
0.0;1.0;1.0;292.0;41758.0;1984.0;1;4.0;1.0;2.0;1984.0;41758.0;0.0;0.0;;;;0.0;0.0;;;;;;;;82588324;82588324;82588324
0.0;0.0;1.0;14.0;;;0;;1.0;;;;0.0;0.0;;;;0.0;0.0;;;;;;;;261163449;261163449;261163449
0.0;1.0;1.0;1.0;1159.0;1974.0;1;0.0;0.0;1.0;1974.0;1159.0;0.0;0.0;;;;0.0;0.0;1.0;1.0;;1969.0;1.0;;1992.0;10251892;10251892;10251892
0.0;1.0;1.0;282.0;27395.0;0.0;1;1.0;1.0;3.0;;27395.0;0.0;0.0;2.0;2.0;1.0;0.0;0.0;282.0;3.0;;;;;;174648551;174648551;174648551
0.0;0.0;1.0;185.0;;;1;;1.0;;;;0.0;0.0;;;;0.0;0.0;;;;;;;;157911758;157911758;157911758
0.0;1.0;1.0;1.0;0.0;0.0;0;0.0;1.0;;;;0.0;0.0;;;;0.0;0.0;1.0;1.0;2.0;1988.0;;;;270913517;270913517;270913517
0.0;1.0;1.0;1597.0;0.0;0.0;1;4.0;1.0;;;;0.0;0.0;;;;0.0;0.0;177.0;1.0;8.0;;;;;174822268;174822268;174822268
0.0;1.0;1.0;161.0;0.0;0.0;1;2.0;1.0;;;;0.0;0.0;;;;0.0;0.0;161.0;1.0;;2011.0;;;;125095059;125095059;125095059
0.0;1.0;1.0;17.0;0.0;0.0;0;1.0;1.0;;;;0.0;0.0;4.0;6.0;1.0;0.0;0.0;72.0;1.0;2.0;;;;;261959499;261959499;261959499
0.0;1.0;1.0;2.0;103.0;2013.0;1;0.0;1.0;1.0;2013.0;103.0;0.0;0.0;;;;0.0;0.0;;;;;;;;72605516;72605516;72605516
0.0;1.0;1.0;37.0;31741.0;2016.0;1;0.0;1.0;1.0;2016.0;31741.0;0.0;0.0;;;;0.0;0.0;;;;;;;;137885666;137885666;137885666
0.0;1.0;1.0;0.0;0.0;0.0;1;0.0;1.0;;;;0.0;0.0;;;;0.0;0.0;314.0;2.0;2.0;2014.0;;;;213958016;213958016;213958016
0.0;1.0;1.0;1686.0;688462.0;2011.0;1;1.0;1.0;1.0;2010.0;22.0;1.0;1.0;2.0;3.0;2.0;0.0;0.0;151.0;1.0;;1990.0;151.0;;2008.0;134385353;134385353;134385353
0.0;0.0;1.0;125.0;;;1;;1.0;;;;0.0;0.0;;;;0.0;0.0;;;;;;;;7105650;7105650;7105650
0.0;1.0;1.0;33.0;0.0;0.0;1;1.0;1.0;;;;0.0;0.0;;;;0.0;0.0;33.0;1.0;1.0;;;;;361470366;361470366;361470366
0.0;1.0;1.0;125.0;0.0;0.0;1;4.0;1.0;;;;0.0;0.0;;;;0.0;0.0;125.0;1.0;;2018.0;;;;322900722;322900722;322900722
0.0;1.0;1.0;1114638.0;0.0;0.0;0;0.0;1.0;;;;0.0;0.0;;;;0.0;0.0;1114638.0;1.0;;;;;;170540595;170540595;170540595
0.0;1.0;1.0;14210.0;0.0;0.0;0;0.0;1.0;;;;0.0;0.0;;;;0.0;0.0;14210.0;1.0;;;;;;50765733;50765733;50765733
0.0;1.0;1.0;94.0;0.0;2011.0;1;0.0;1.0;1.0;2011.0;;0.0;0.0;;;;0.0;0.0;94.0;1.0;;;;;;275304519;275304519;275304519
0.0;1.0;1.0;80.0;0.0;0.0;0;0.0;1.0;;;;0.0;0.0;;;;0.0;0.0;80.0;0.0;;;;;;19936432;19936432;19936432
0.0;1.0;1.0;1.0;;;1;;1.0;;;;0.0;0.0;;;;0.0;0.0;;;;;;;;2532945;2532945;2532945
0.0;1.0;1.0;1009964.0;0.0;0.0;1;4.0;1.0;;;;0.0;0.0;;;;0.0;0.0;1009964.0;1.0;;1989.0;;;;155691666;155691666;155691666
0.0;1.0;1.0;1519120.0;0.0;0.0;0;0.0;1.0;;;;0.0;0.0;;;;0.0;0.0;1519120.0;119.0;;2012.0;;;;197972575;197972575;197972575
0.0;1.0;1.0;20950.0;0.0;0.0;1;0.0;1.0;;;;0.0;0.0;;;;0.0;0.0;20950.0;1.0;;;;;;185330255;185330255;185330255
0.0;1.0;1.0;1.0;0.0;0.0;0;0.0;1.0;;;;0.0;0.0;;;;0.0;0.0;1.0;1.0;;;;;;310361114;310361114;310361114
0.0;1.0;1.0;0.0;0.0;0.0;1;0.0;1.0;;;;0.0;0.0;;;;0.0;0.0;1057.0;2.0;;;;;;153766277;153766277;153766277
0.0;1.0;1.0;182.0;0.0;0.0;1;0.0;1.0;;;;0.0;0.0;;;;0.0;0.0;182.0;1.0;;;;;;183630511;183630511;183630511
0.0;1.0;1.0;1.0;0.0;0.0;1;1.0;1.0;1.0;;;0.0;0.0;;;;0.0;0.0;155.0;1.0;2.0;1978.0;1.0;;2009.0;56407596;56407596;56407596
0.0;1.0;1.0;4410.0;0.0;0.0;0;0.0;1.0;;;;0.0;0.0;;;;0.0;0.0;4410.0;1.0;;2017.0;;;;181980634;181980634;181980634
0.0;1.0;1.0;1014618.0;0.0;0.0;0;0.0;1.0;;;;0.0;0.0;;;;0.0;0.0;1014618.0;1.0;4.0;1975.0;;;;247235436;247235436;247235436
0.0;1.0;1.0;1.0;381.0;2015.0;1;0.0;1.0;1.0;2015.0;381.0;0.0;0.0;;;;0.0;0.0;;;;;;;;313721942;313721942;313721942
0.0;0.0;1.0;5103.0;;;1;;1.0;;;;0.0;0.0;;;;0.0;0.0;;;;;;;;96221099;96221099;96221099
0.0;1.0;1.0;916.0;60613.0;2016.0;1;0.0;1.0;2.0;2016.0;60613.0;0.0;0.0;3.0;1.0;;0.0;0.0;916.0;2.0;10.0;1995.0;;;;361347461;361347461;361347461
0.0;1.0;1.0;377.0;12996.0;2018.0;0;0.0;1.0;2.0;2018.0;12996.0;0.0;0.0;;;;0.0;0.0;377.0;2.0;;2019.0;;;;191576007;191576007;191576007
0.0;1.0;1.0;72.0;0.0;0.0;0;0.0;1.0;;;;0.0;0.0;;;;0.0;0.0;72.0;1.0;1.0;;;;;123050772;123050772;123050772
0.0;1.0;1.0;119.0;0.0;1997.0;1;0.0;1.0;1.0;1997.0;;0.0;0.0;;;;0.0;0.0;72.0;1.0;1.0;1991.0;;;;219784257;219784257;219784257
0.0;1.0;1.0;476.0;0.0;0.0;1;5.0;1.0;;;;0.0;0.0;;;;0.0;0.0;476.0;0.0;;;;;;37005958;37005958;37005958
0.0;1.0;1.0;223.0;0.0;0.0;0;0.0;1.0;2.0;;;0.0;0.0;;;;0.0;0.0;;;;;;;;90709148;90709148;90709148
0.0;1.0;1.0;0.0;0.0;0.0;1;1.0;1.0;;;;0.0;0.0;;;;0.0;0.0;1.0;1.0;;2017.0;;;;110500778;110500778;110500778
0.0;1.0;1.0;0.0;0.0;0.0;1;0.0;1.0;1.0;;;0.0;0.0;;;;0.0;0.0;260.0;1.0;;2007.0;;;;96706611;96706611;96706611
0.0;1.0;1.0;151.0;0.0;0.0;1;1.0;1.0;;;;0.0;0.0;;;;0.0;0.0;151.0;1.0;;2008.0;151.0;;;64373676;64373676;64373676
0.0;1.0;1.0;7488.0;0.0;0.0;1;4.0;1.0;;;;0.0;0.0;;;;0.0;0.0;7488.0;1.0;;1994.0;;;;300723605;300723605;300723605
0.0;1.0;1.0;106.0;;;1;;1.0;;;;0.0;0.0;;;;0.0;0.0;;;;;;;;21628221;21628221;21628221
0.0;1.0;1.0;143.0;227688.0;2014.0;1;7.0;1.0;1.0;2014.0;227688.0;1.0;1.0;1.0;4.0;1.0;0.0;0.0;143.0;1.0;;;;;;155558075;155558075;155558075
0.0;1.0;1.0;373.0;0.0;0.0;1;6.0;1.0;;;;0.0;0.0;;;;0.0;0.0;373.0;1.0;;;;;;70956602;70956602;70956602
0.0;1.0;1.0;402.0;1602.0;1986.0;1;0.0;1.0;8.0;1986.0;1602.0;0.0;0.0;;;;0.0;0.0;1.0;1.0;;1989.0;;;;57515312;57515312;57515312
0.0;1.0;1.0;2.0;8.0;0.0;0;0.0;1.0;1.0;;8.0;0.0;0.0;;;;0.0;0.0;;;;;;;;51619247;51619247;51619247
0.0;1.0;1.0;25.0;0.0;0.0;1;0.0;1.0;;;;0.0;0.0;;;;0.0;0.0;25.0;1.0;2.0;;;;;303163880;303163880;303163880
0.0;0.0;1.0;427.0;;;1;;1.0;;;;0.0;0.0;;;;0.0;0.0;;;;;;;;87176625;87176625;87176625
0.0;0.0;1.0;2.0;24476.0;0.0;0;0.0;1.0;1.0;;24476.0;0.0;0.0;;;;0.0;0.0;;;;;;;;139608703;139608703;139608703
0.0;1.0;1.0;1.0;;;1;;1.0;;;;0.0;0.0;;;;0.0;0.0;;;;;;;;26484482;26484482;26484482
0.0;1.0;1.0;650.0;0.0;0.0;1;0.0;1.0;;;;0.0;0.0;1.0;6.0;1.0;0.0;0.0;650.0;2.0;12.0;;;;;262555460;262555460;262555460
0.0;1.0;1.0;7406.0;0.0;0.0;1;7.0;1.0;;;;0.0;0.0;;;;0.0;0.0;7406.0;1.0;;;;;;47762468;47762468;47762468
0.0;1.0;1.0;280.0;584248.0;2002.0;1;0.0;1.0;2.0;2002.0;584248.0;0.0;0.0;;;;0.0;0.0;280.0;2.0;2.0;2002.0;;;;199409894;199409894;199409894
0.0;0.0;0.0;109.0;;;0;;1.0;;;;0.0;0.0;;;;0.0;0.0;;;;;;;;90190172;90190172;90190172
0.0;1.0;1.0;650.0;0.0;0.0;0;0.0;1.0;2.0;;;0.0;0.0;;;;0.0;0.0;;;;;;;;55112313;55112313;55112313
0.0;0.0;1.0;458.0;;;1;;1.0;;;;0.0;0.0;;;;0.0;0.0;;;;;;;;126255070;126255070;126255070
0.0;1.0;1.0;185.0;;;1;;1.0;;;;0.0;0.0;;;;0.0;0.0;;;;;;;;7753003;7753003;7753003
0.0;1.0;1.0;119.0;7263.0;2007.0;0;0.0;1.0;1.0;2007.0;7263.0;0.0;0.0;;;;0.0;0.0;119.0;1.0;1.0;1995.0;;;;10336213;10336213;10336213
0.0;1.0;1.0;314.0;0.0;0.0;0;0.0;1.0;;;;0.0;0.0;;;;0.0;0.0;314.0;2.0;;;;;;246082543;246082543;246082543
0.0;0.0;1.0;99.0;;;1;;1.0;;;;0.0;0.0;;;;0.0;0.0;;;;;;;;43908484;43908484;43908484
0.0;1.0;1.0;2334.0;324313.0;2016.0;1;0.0;1.0;2.0;2016.0;324313.0;0.0;0.0;;;;0.0;0.0;2334.0;2.0;;2016.0;;;;98551169;98551169;98551169
0.0;1.0;1.0;314.0;0.0;0.0;0;1.0;1.0;2.0;;;0.0;0.0;;;;0.0;0.0;314.0;2.0;;;;;;98361390;98361390;98361390
0.0;1.0;1.0;722.0;769.0;2007.0;1;4.0;1.0;1.0;2007.0;769.0;0.0;0.0;;;;0.0;0.0;722.0;1.0;;1998.0;;;;61005541;61005541;61005541
0.0;1.0;1.0;1456.0;0.0;0.0;1;1.0;1.0;;;;0.0;0.0;;;;0.0;0.0;1456.0;1.0;;1993.0;;;;32342889;32342889;32342889
0.0;1.0;1.0;1966031.0;0.0;0.0;1;0.0;1.0;;;;0.0;0.0;;;;0.0;0.0;1966031.0;12.0;;2011.0;;;;178496039;178496039;178496039
0.0;1.0;1.0;292.0;0.0;0.0;1;6.0;1.0;2.0;;;0.0;0.0;;;;0.0;0.0;;;;;;;;45324428;45324428;45324428
0.0;1.0;1.0;1947595.0;0.0;0.0;0;1.0;1.0;22.0;;;0.0;0.0;;;;0.0;0.0;;;;;;;;236197135;236197135;236197135
0.0;1.0;1.0;42.0;46582.0;2007.0;1;0.0;1.0;1.0;2010.0;139366.0;0.0;0.0;;;;0.0;0.0;0.0;0.0;;2002.0;;;;44041632;44041632;44041632
0.0;1.0;1.0;1.0;352.0;2016.0;0;0.0;1.0;1.0;2016.0;352.0;0.0;0.0;;;;0.0;0.0;314.0;2.0;5.0;2015.0;;;;79831849;79831849;79831849
0.0;1.0;1.0;185.0;;;1;;1.0;;;;0.0;0.0;;;;0.0;0.0;;;;;;;;7089071;7089071;7089071
0.0;1.0;1.0;85.0;225273.0;2009.0;0;6.0;1.0;1.0;2009.0;225273.0;0.0;0.0;;;;0.0;0.0;85.0;1.0;;2008.0;;;;205218134;205218134;205218134
0.0;1.0;1.0;1.0;688438.0;1992.0;0;0.0;1.0;1.0;1992.0;688438.0;0.0;0.0;;;;0.0;0.0;1.0;1.0;;1985.0;;;;190416999;190416999;190416999
0.0;1.0;1.0;1925340.0;0.0;0.0;1;0.0;1.0;;;;0.0;0.0;;;;0.0;0.0;1925340.0;12.0;;;;;;82993583;82993583;82993583
0.0;1.0;1.0;149.0;;;1;;1.0;;;;0.0;0.0;;;;0.0;0.0;;;;;;;;98516891;98516891;98516891
0.0;1.0;1.0;49.0;0.0;0.0;0;0.0;1.0;;;;0.0;0.0;;;;0.0;0.0;49.0;1.0;;1964.0;;;;178152089;178152089;178152089
0.0;1.0;1.0;1057.0;82524.0;2008.0;1;4.0;1.0;2.0;2008.0;82524.0;0.0;0.0;;;;0.0;0.0;1057.0;2.0;;2002.0;;;;185430297;185430297;185430297
0.0;0.0;1.0;87.0;;;1;;1.0;;;;0.0;0.0;;;;0.0;0.0;;;;;;;;160050057;160050057;160050057
0.0;0.0;1.0;1568.0;0.0;0.0;1;6.0;1.0;;;;0.0;0.0;;;;0.0;0.0;1568.0;2.0;;;;;;84368362;84368362;84368362
0.0;1.0;1.0;42.0;0.0;2005.0;1;0.0;1.0;1.0;2005.0;;0.0;0.0;;;;0.0;0.0;42.0;1.0;1.0;2000.0;;;;192200291;192200291;192200291
0.0;1.0;1.0;4250.0;0.0;0.0;1;4.0;1.0;;;;0.0;0.0;;;;0.0;0.0;4250.0;1.0;8.0;;;;;326991814;326991814;326991814
0.0;1.0;1.0;1006.0;0.0;0.0;0;0.0;1.0;;;;0.0;0.0;;;;0.0;0.0;1006.0;4.0;;1992.0;;;;254422855;254422855;254422855
0.0;1.0;1.0;377.0;0.0;0.0;0;1.0;1.0;2.0;;;0.0;0.0;;;;0.0;0.0;;;;;;;;196475671;196475671;196475671
0.0;1.0;1.0;283.0;0.0;0.0;1;1.0;1.0;;;;0.0;0.0;;;;0.0;0.0;283.0;1.0;;2019.0;;;;243787301;243787301;243787301
0.0;0.0;0.0;2.0;;;1;;1.0;;;;0.0;0.0;;;;0.0;0.0;;;;;;;;176373249;176373249;176373249
0.0;1.0;1.0;96.0;36624.0;2016.0;1;0.0;1.0;1.0;2016.0;36624.0;0.0;0.0;;;;0.0;0.0;2.0;1.0;13.0;2017.0;2.0;;2010.0;87706124;87706124;87706124
0.0;1.0;1.0;42.0;212188.0;0.0;1;5.0;1.0;1.0;;212188.0;0.0;0.0;;;;0.0;0.0;42.0;1.0;2.0;;;;;103821447;103821447;103821447
0.0;1.0;1.0;61.0;0.0;0.0;1;0.0;1.0;;;;0.0;0.0;;;;0.0;0.0;61.0;0.0;3.0;2000.0;;;;41181541;41181541;41181541
0.0;1.0;1.0;314.0;11438.0;0.0;1;0.0;1.0;2.0;;11438.0;0.0;0.0;1.0;2.0;1.0;0.0;0.0;314.0;2.0;7.0;;;;;226048870;226048870;226048870
0.0;0.0;1.0;3193.0;0.0;0.0;1;0.0;1.0;;;;0.0;0.0;;;;0.0;0.0;3193.0;4.0;;;;;;295187256;295187256;295187256
0.0;0.0;1.0;18.0;;;1;;0.0;;;;0.0;0.0;;;;0.0;0.0;;;;;;;;62745295;62745295;62745295
0.0;1.0;1.0;292.0;0.0;0.0;1;0.0;1.0;;;;1.0;1.0;4.0;;4.0;0.0;0.0;0.0;0.0;;2012.0;;;;45136896;45136896;45136896
0.0;1.0;1.0;10.0;;;0;;1.0;;;;0.0;0.0;;;;0.0;0.0;;;;;;;;9806325;9806325;9806325
0.0;1.0;1.0;1.0;0.0;0.0;0;0.0;1.0;;;;0.0;0.0;;;;0.0;0.0;1.0;1.0;;2015.0;;;;233863830;233863830;233863830
0.0;1.0;1.0;1057.0;0.0;0.0;1;4.0;1.0;;;;0.0;0.0;;;;0.0;0.0;1057.0;0.0;;1991.0;;;;15671615;15671615;15671615
0.0;1.0;1.0;169.0;0.0;0.0;1;0.0;1.0;;;;0.0;0.0;1.0;2.0;1.0;0.0;0.0;169.0;1.0;6.0;2006.0;;;;165714119;165714119;165714119
0.0;1.0;1.0;1937764.0;0.0;0.0;0;0.0;1.0;209.0;;;0.0;0.0;;;;0.0;0.0;1937764.0;209.0;;2017.0;;;;77558648;77558648;77558648
0.0;1.0;1.0;1.0;0.0;0.0;0;0.0;1.0;;;;0.0;0.0;;;;0.0;0.0;1.0;1.0;;;;;;269089894;269089894;269089894
0.0;0.0;1.0;2.0;;;1;;1.0;;;;0.0;0.0;;;;0.0;0.0;;;;;;;;2862843;2862843;2862843
0.0;1.0;1.0;1426.0;0.0;0.0;1;4.0;1.0;;;;0.0;0.0;;;;0.0;0.0;151.0;0.0;;1981.0;;;;17161319;17161319;17161319
0.0;1.0;1.0;60.0;0.0;0.0;1;7.0;1.0;;;;1.0;1.0;;;;0.0;0.0;60.0;1.0;;2017.0;;;;161588562;161588562;161588562
0.0;1.0;1.0;1517238.0;2127690.0;2011.0;1;0.0;1.0;97.0;2011.0;2127690.0;0.0;0.0;;;;0.0;0.0;1517238.0;97.0;;2011.0;;;;162178862;162178862;162178862
0.0;1.0;1.0;32.0;9179.0;0.0;0;0.0;1.0;1.0;;9179.0;0.0;0.0;;;;0.0;0.0;32.0;0.0;;2000.0;;;;22434322;22434322;22434322
0.0;1.0;1.0;314.0;0.0;2001.0;1;7.0;1.0;2.0;2001.0;;0.0;0.0;;;;0.0;0.0;314.0;2.0;;2001.0;;;;290294410;290294410;290294410
0.0;1.0;1.0;66.0;0.0;0.0;1;0.0;1.0;;;;0.0;0.0;5.0;6.0;5.0;0.0;0.0;66.0;1.0;;2013.0;;;;163233444;163233444;163233444
0.0;1.0;1.0;60.0;557163.0;2004.0;1;0.0;1.0;1.0;2004.0;557163.0;0.0;0.0;;;;0.0;0.0;5103.0;1.0;;;60.0;;;254508883;254508883;254508883
0.0;1.0;1.0;119.0;0.0;0.0;1;4.0;1.0;;;;0.0;0.0;;;;0.0;0.0;119.0;1.0;;;;;;116055307;116055307;116055307
0.0;1.0;1.0;2.0;0.0;0.0;1;0.0;1.0;1.0;;;0.0;0.0;4.0;6.0;3.0;0.0;0.0;;;;;;;;317310038;317310038;317310038
0.0;1.0;1.0;99.0;0.0;0.0;1;0.0;1.0;;;;0.0;0.0;;;;0.0;0.0;99.0;1.0;1.0;2017.0;;;;176865261;176865261;176865261
0.0;1.0;1.0;1905655.0;0.0;2001.0;0;0.0;1.0;50.0;2001.0;;0.0;0.0;;;;0.0;0.0;;;;;;;;216077301;216077301;216077301
0.0;1.0;1.0;1957236.0;567081.0;1986.0;1;4.0;1.0;5.0;1986.0;567081.0;0.0;0.0;;;;0.0;0.0;1957236.0;5.0;;1982.0;;;;164370000;164370000;164370000
0.0;1.0;1.0;2.0;1.0;2009.0;1;0.0;1.0;1.0;2009.0;1.0;0.0;0.0;;;;0.0;0.0;2.0;1.0;3.0;;;;;181410921;181410921;181410921
0.0;1.0;1.0;109.0;0.0;0.0;1;0.0;1.0;;;;0.0;0.0;;;;0.0;0.0;109.0;1.0;;;;;;89339046;89339046;89339046
0.0;1.0;1.0;151.0;3377.0;1988.0;1;4.0;1.0;1.0;1988.0;3377.0;0.0;0.0;;;;0.0;0.0;82.0;1.0;;1977.0;;;;345473446;345473446;345473446
0.0;1.0;1.0;9907.0;0.0;0.0;1;0.0;1.0;;;;0.0;0.0;;;;0.0;0.0;9907.0;2.0;;;;;;276790192;276790192;276790192
0.0;1.0;1.0;1516454.0;0.0;2015.0;1;0.0;1.0;87.0;2015.0;;0.0;0.0;;;;0.0;0.0;;;;;;;;268078665;268078665;268078665
0.0;1.0;1.0;1.0;0.0;0.0;0;0.0;1.0;;;;0.0;0.0;;;;0.0;0.0;1.0;1.0;;;;;;176904881;176904881;176904881
0.0;0.0;1.0;0.0;;;1;;1.0;;;;0.0;0.0;;;;0.0;0.0;;;;;;;;121543527;121543527;121543527
0.0;1.0;1.0;1675.0;0.0;0.0;1;6.0;1.0;;;;1.0;0.0;;;;0.0;0.0;17644.0;1.0;;1997.0;;;;210873931;210873931;210873931
0.0;1.0;1.0;5974.0;0.0;0.0;1;0.0;1.0;;;;0.0;0.0;;;;0.0;0.0;5974.0;2.0;;2012.0;;;;191496625;191496625;191496625
0.0;1.0;1.0;2.0;0.0;2019.0;0;0.0;1.0;1.0;2019.0;;0.0;0.0;;;;0.0;0.0;;;;;;;;210518875;210518875;210518875
0.0;1.0;1.0;123.0;0.0;0.0;1;0.0;1.0;;;;0.0;0.0;;;;0.0;0.0;1966362.0;6.0;;1987.0;;;;133281507;133281507;133281507
0.0;0.0;1.0;183.0;0.0;0.0;1;0.0;1.0;;;;1.0;1.0;4.0;2.0;1.0;0.0;0.0;183.0;4.0;;;;;;198891508;198891508;198891508
0.0;1.0;1.0;1581.0;0.0;0.0;1;0.0;1.0;;;;0.0;0.0;;;;0.0;0.0;1581.0;2.0;3.0;1998.0;;;;70328559;70328559;70328559
0.0;0.0;1.0;2069.0;;;1;;1.0;;;;0.0;0.0;;;;0.0;0.0;;;;;;;;126083183;126083183;126083183
0.0;1.0;1.0;123.0;0.0;0.0;1;6.0;1.0;;;;0.0;0.0;;;;0.0;0.0;123.0;1.0;;2008.0;;;;70809165;70809165;70809165
0.0;0.0;0.0;859.0;;;1;;1.0;;;;0.0;0.0;;;;0.0;0.0;;;;;;;;3891866;3891866;3891866
0.0;1.0;1.0;6111.0;37731.0;2010.0;1;0.0;1.0;1.0;2010.0;37731.0;0.0;0.0;;;;0.0;0.0;95.0;1.0;2.0;2005.0;;;;20689400;20689400;20689400
0.0;1.0;1.0;455.0;0.0;0.0;0;0.0;1.0;;;;0.0;0.0;;;;0.0;0.0;455.0;2.0;;2013.0;;;;256195924;256195924;256195924
0.0;0.0;1.0;2.0;;;1;;0.0;;;;0.0;0.0;;;;0.0;0.0;;;;;;;;27100971;27100971;27100971
0.0;1.0;1.0;72.0;0.0;0.0;1;0.0;1.0;;;;0.0;0.0;;;;0.0;0.0;72.0;1.0;4.0;1984.0;;;;173008388;173008388;173008388
0.0;1.0;1.0;2.0;0.0;0.0;1;4.0;1.0;;;;0.0;0.0;;;;0.0;0.0;;;;;;;;20954102;20954102;20954102
0.0;1.0;1.0;183.0;0.0;0.0;1;0.0;1.0;4.0;;;0.0;0.0;;;;0.0;0.0;183.0;4.0;5.0;;;;;56689428;56689428;56689428
0.0;1.0;1.0;14.0;9983.0;2005.0;1;0.0;1.0;4.0;2005.0;9983.0;0.0;0.0;;;;0.0;0.0;1700277.0;4.0;;2000.0;;;;27408147;27408147;27408147
0.0;1.0;1.0;1154049.0;142614.0;0.0;1;0.0;1.0;1.0;;142614.0;0.0;0.0;;;;0.0;0.0;1154049.0;1.0;;1969.0;;;;79850854;79850854;79850854
0.0;1.0;1.0;916.0;0.0;0.0;1;0.0;1.0;;;;0.0;0.0;;;;0.0;0.0;916.0;2.0;;;;;;78779427;78779427;78779427
0.0;1.0;1.0;104.0;3041.0;2003.0;1;0.0;1.0;1.0;2003.0;3041.0;0.0;0.0;;;;0.0;0.0;1146622.0;1.0;;1999.0;;;;16026870;16026870;16026870
0.0;1.0;1.0;153.0;0.0;0.0;0;0.0;1.0;;;;0.0;0.0;;;;0.0;0.0;153.0;1.0;;;;;;80542052;80542052;80542052
0.0;1.0;1.0;1.0;0.0;0.0;1;0.0;1.0;1.0;;;1.0;1.0;;;;0.0;0.0;;;;;;;;254120987;254120987;254120987
0.0;1.0;1.0;12358.0;1680057.0;2007.0;1;4.0;1.0;2.0;2007.0;1680057.0;0.0;0.0;;;;0.0;0.0;1515587.0;2.0;;2002.0;12358.0;;;119600805;119600805;119600805
0.0;1.0;1.0;14.0;0.0;0.0;1;0.0;1.0;;;;0.0;0.0;;;;0.0;0.0;14.0;4.0;;1941.0;;;;210057517;210057517;210057517
0.0;1.0;1.0;295.0;0.0;0.0;1;0.0;1.0;;;;0.0;0.0;;;;0.0;0.0;295.0;49.0;;;;;;160754544;160754544;160754544
0.0;0.0;1.0;650.0;;;1;;1.0;;;;0.0;0.0;;;;0.0;0.0;;;;;;;;50530793;50530793;50530793
0.0;1.0;1.0;2.0;7.0;0.0;0;1.0;1.0;1.0;;7.0;0.0;0.0;;;;0.0;0.0;2.0;1.0;;;;;;82785101;82785101;82785101
0.0;1.0;1.0;2131.0;0.0;0.0;1;0.0;1.0;;;;0.0;0.0;;;;0.0;0.0;2131.0;4.0;;;;;;249096976;249096976;249096976
0.0;1.0;1.0;292.0;0.0;0.0;1;6.0;1.0;;;;1.0;1.0;;;;0.0;0.0;292.0;2.0;;;;;;180135243;180135243;180135243
0.0;0.0;0.0;4797.0;;;1;;1.0;;;;0.0;0.0;;;;0.0;0.0;;;;;;;;82713093;82713093;82713093
0.0;1.0;1.0;882.0;0.0;0.0;0;0.0;1.0;;;;0.0;0.0;;;;0.0;0.0;882.0;1.0;10.0;;;;;310532665;310532665;310532665
0.0;1.0;1.0;5103.0;0.0;0.0;1;0.0;1.0;;;;0.0;0.0;;;;0.0;0.0;5103.0;1.0;;;;;;316658511;316658511;316658511
0.0;1.0;1.0;1143829.0;0.0;0.0;1;4.0;1.0;;;;0.0;0.0;;;;0.0;0.0;1143829.0;1.0;;2002.0;;;;358501830;358501830;358501830
0.0;1.0;1.0;104.0;0.0;0.0;1;0.0;1.0;;;;0.0;0.0;4.0;1.0;2.0;0.0;0.0;104.0;1.0;1.0;;;;;244242198;244242198;244242198
0.0;1.0;1.0;72.0;169309.0;0.0;1;0.0;1.0;1.0;;169309.0;0.0;0.0;;;;0.0;0.0;72.0;1.0;;;;;;178453750;178453750;178453750
0.0;1.0;1.0;650.0;0.0;0.0;1;4.0;1.0;;;;0.0;0.0;;;;0.0;0.0;650.0;0.0;;1994.0;;;;19174474;19174474;19174474
0.0;1.0;1.0;392.0;0.0;0.0;0;4.0;1.0;;;;0.0;0.0;;;;0.0;0.0;392.0;3.0;;1983.0;;;;281989408;281989408;281989408
0.0;1.0;1.0;183.0;0.0;0.0;1;0.0;1.0;;;;0.0;0.0;;;;0.0;0.0;183.0;0.0;1.0;;;;;32013582;32013582;32013582
0.0;1.0;1.0;183.0;0.0;2022.0;1;0.0;1.0;4.0;2022.0;;0.0;0.0;;;;0.0;0.0;;;;;;;;354763464;354763464;354763464
0.0;1.0;1.0;427.0;237019.0;2008.0;0;0.0;1.0;2.0;2008.0;237019.0;0.0;0.0;4.0;2.0;4.0;0.0;0.0;427.0;2.0;;;;;;166783055;166783055;166783055
0.0;1.0;1.0;2.0;0.0;0.0;0;1.0;1.0;;;;0.0;0.0;;;;0.0;0.0;2.0;1.0;;;;;;118102669;118102669;118102669
0.0;1.0;1.0;1.0;0.0;0.0;0;0.0;1.0;1.0;;;0.0;0.0;;;;0.0;0.0;1.0;1.0;;2001.0;;;;162625081;162625081;162625081
0.0;1.0;1.0;2.0;0.0;0.0;1;0.0;1.0;;;;0.0;0.0;;;;0.0;0.0;2.0;1.0;;2017.0;;;;169103234;169103234;169103234
0.0;1.0;1.0;1932227.0;0.0;0.0;1;0.0;1.0;;;;0.0;0.0;;;;0.0;0.0;1932227.0;13.0;;2003.0;;;;70770930;70770930;70770930
0.0;1.0;1.0;2203643.0;309653.0;2005.0;1;5.0;1.0;10.0;2005.0;309653.0;0.0;0.0;;;;0.0;0.0;1932227.0;13.0;;1995.0;;;;182970788;182970788;182970788
0.0;0.0;1.0;2.0;;;1;;1.0;;;;0.0;0.0;;;;0.0;0.0;;;;;;;;8622644;8622644;8622644
0.0;1.0;1.0;0.0;0.0;0.0;1;4.0;1.0;;;;0.0;0.0;;;;0.0;0.0;21114.0;3.0;;;;;;255144173;255144173;255144173
0.0;1.0;1.0;807.0;80491.0;2019.0;0;7.0;1.0;1.0;2019.0;80491.0;0.0;0.0;;;;0.0;0.0;;;;;;;;215203270;215203270;215203270
0.0;1.0;1.0;78.0;0.0;0.0;0;0.0;1.0;;;;0.0;0.0;;;;0.0;0.0;78.0;1.0;;;;;;25240311;25240311;25240311
0.0;1.0;1.0;1.0;;;0;;1.0;;;;0.0;0.0;;;;0.0;0.0;;;;;;;;30178547;30178547;30178547
0.0;1.0;1.0;95.0;0.0;0.0;0;0.0;1.0;;;;0.0;0.0;;;;0.0;0.0;95.0;1.0;;;;;;170354413;170354413;170354413
0.0;1.0;1.0;22.0;0.0;0.0;1;0.0;1.0;;;;0.0;0.0;;2.0;4.0;0.0;0.0;22.0;1.0;;1999.0;;;;144025428;144025428;144025428
0.0;0.0;1.0;1143859.0;;;1;;1.0;;;;0.0;0.0;;;;0.0;0.0;;;;;;;;18112704;18112704;18112704
0.0;1.0;1.0;20591.0;0.0;0.0;1;1.0;1.0;;;;0.0;0.0;;;;0.0;0.0;20591.0;161.0;;;;;;80304815;80304815;80304815
0.0;1.0;1.0;21032.0;0.0;0.0;1;0.0;1.0;7.0;;;0.0;0.0;;;;0.0;0.0;21032.0;7.0;;1993.0;;;;277865526;277865526;277865526
0.0;1.0;1.0;183.0;0.0;2012.0;0;0.0;1.0;4.0;2012.0;;1.0;1.0;2.0;;2.0;0.0;0.0;183.0;4.0;;2010.0;;;;275001757;275001757;275001757
0.0;1.0;1.0;138.0;;;0;;1.0;;;;0.0;0.0;;;;0.0;0.0;;;;;;;;21681469;21681469;21681469
0.0;1.0;1.0;1937941.0;0.0;0.0;0;0.0;1.0;;;;0.0;0.0;;;;0.0;0.0;1937941.0;87.0;;2010.0;;;;243747653;243747653;243747653
0.0;1.0;1.0;1061343.0;0.0;0.0;1;4.0;1.0;;;;0.0;0.0;;;;0.0;0.0;1061343.0;1.0;;1994.0;;;;363036853;363036853;363036853
0.0;0.0;1.0;3156.0;;;0;;1.0;;;;0.0;0.0;;;;0.0;0.0;;;;;;;;120908490;120908490;120908490
0.0;1.0;1.0;479.0;0.0;2015.0;1;0.0;1.0;1.0;2015.0;;0.0;0.0;;;;0.0;0.0;479.0;1.0;;2019.0;;;;367519092;367519092;367519092
0.0;1.0;1.0;96.0;0.0;0.0;1;4.0;1.0;;;;0.0;0.0;;;;0.0;0.0;96.0;1.0;;1995.0;;;;44988103;44988103;44988103
0.0;0.0;1.0;1966.0;0.0;0.0;1;0.0;1.0;;;;0.0;0.0;;;;0.0;0.0;1966.0;1.0;;;1966.0;;;197815854;197815854;197815854
0.0;1.0;1.0;314.0;2210.0;2016.0;0;0.0;1.0;2.0;2016.0;2210.0;0.0;0.0;;;;0.0;0.0;314.0;2.0;;2004.0;;;;101011998;101011998;101011998
0.0;1.0;1.0;123.0;0.0;0.0;1;0.0;1.0;;;;0.0;0.0;;;;0.0;0.0;123.0;1.0;;1997.0;;;;83301133;83301133;83301133
0.0;1.0;1.0;1710182.0;0.0;0.0;0;0.0;1.0;43.0;;;0.0;0.0;;;;0.0;0.0;1710182.0;43.0;;;;;;262721672;262721672;262721672
0.0;0.0;1.0;1507263.0;;;1;;1.0;;;;0.0;0.0;;;;0.0;0.0;;;;;;;;69998404;69998404;69998404
0.0;1.0;1.0;2220.0;949090.0;2019.0;0;0.0;1.0;139.0;2019.0;949090.0;0.0;0.0;;;;0.0;0.0;;;;;;;;362758254;362758254;362758254
0.0;1.0;1.0;1937764.0;0.0;0.0;1;1.0;1.0;;;;0.0;0.0;;;;0.0;0.0;1505559.0;2.0;;1999.0;;;;92117502;92117502;92117502
0.0;1.0;1.0;0.0;0.0;0.0;1;0.0;1.0;;;;0.0;0.0;;;;0.0;0.0;1.0;1.0;;2010.0;;;;90713681;90713681;90713681
0.0;1.0;1.0;762.0;0.0;0.0;0;0.0;1.0;;;;0.0;0.0;;;;0.0;0.0;762.0;6.0;;2016.0;;;;370217422;370217422;370217422
0.0;1.0;1.0;194.0;0.0;1969.0;1;0.0;1.0;18.0;1969.0;;0.0;0.0;;;;0.0;0.0;1517408.0;18.0;;1964.0;;;;182032131;182032131;182032131
0.0;1.0;1.0;444.0;0.0;0.0;1;0.0;1.0;;;;0.0;0.0;;;;0.0;0.0;444.0;2.0;;1999.0;;;;158287213;158287213;158287213
0.0;1.0;1.0;1515864.0;822415.0;2020.0;1;0.0;1.0;9.0;2020.0;822415.0;0.0;0.0;;;;0.0;0.0;1515864.0;9.0;;1947.0;;;;281898901;281898901;281898901
0.0;0.0;1.0;104.0;;;1;;1.0;;;;0.0;0.0;;;;0.0;0.0;;;;;;;;53629702;53629702;53629702
0.0;1.0;1.0;99.0;2486.0;1972.0;0;0.0;1.0;1.0;1972.0;2486.0;0.0;0.0;;;;0.0;0.0;99.0;1.0;;1966.0;;;;209432934;209432934;209432934
0.0;1.0;1.0;628.0;0.0;0.0;1;0.0;1.0;;;;0.0;0.0;;;;0.0;0.0;628.0;2.0;;2014.0;;;;106290202;106290202;106290202
0.0;0.0;1.0;72.0;37803.0;1945.0;1;1.0;1.0;1.0;1945.0;37803.0;0.0;0.0;;;;0.0;0.0;72.0;1.0;;2017.0;72.0;;;58361216;58361216;58361216
0.0;1.0;1.0;455.0;265703.0;1996.0;1;4.0;1.0;2.0;1996.0;265703.0;0.0;0.0;;;;0.0;0.0;1503199.0;2.0;;1988.0;455.0;;;27192765;27192765;27192765
0.0;1.0;1.0;799.0;0.0;0.0;1;0.0;1.0;;;;0.0;0.0;;;;0.0;0.0;799.0;2.0;;;;;;238617660;238617660;238617660
0.0;1.0;1.0;1006439.0;0.0;0.0;1;4.0;1.0;;;;1.0;0.0;;;;0.0;0.0;1006439.0;1.0;;;;;;248796755;248796755;248796755
0.0;1.0;1.0;706.0;0.0;0.0;0;0.0;1.0;;;;0.0;0.0;;;;0.0;0.0;706.0;4.0;;1964.0;;;;173832408;173832408;173832408
0.0;1.0;1.0;3631.0;0.0;0.0;1;0.0;1.0;;;;0.0;0.0;;;;0.0;0.0;3631.0;7.0;;;;;;277300148;277300148;277300148
0.0;1.0;1.0;25.0;0.0;0.0;1;0.0;1.0;;;;1.0;1.0;;;1.0;0.0;0.0;25.0;1.0;8.0;2019.0;;;;306648905;306648905;306648905
0.0;0.0;1.0;2201.0;;;1;;1.0;;;;0.0;0.0;;;;0.0;0.0;;;;;;;;37718166;37718166;37718166
0.0;1.0;1.0;1.0;0.0;0.0;1;2.0;1.0;;;;0.0;0.0;;3.0;5.0;0.0;0.0;49.0;1.0;;2000.0;1.0;;;159348850;159348850;159348850
0.0;1.0;1.0;312.0;0.0;0.0;1;0.0;1.0;;;;0.0;0.0;;6.0;;0.0;0.0;312.0;1.0;;2001.0;312.0;37508468.0;;198959493;198959493;198959493
0.0;1.0;1.0;1158029.0;0.0;0.0;1;0.0;1.0;;;;0.0;0.0;;;;0.0;0.0;1158029.0;1.0;;;;;;57287533;57287533;57287533
0.0;1.0;1.0;147.0;0.0;0.0;0;0.0;1.0;;;;0.0;0.0;;;;0.0;0.0;147.0;1.0;;2012.0;;;;46422039;46422039;46422039
0.0;1.0;1.0;61.0;0.0;0.0;1;0.0;1.0;;;;0.0;0.0;;;;0.0;0.0;61.0;1.0;;2005.0;;;;185474393;185474393;185474393
0.0;1.0;1.0;1.0;356.0;1993.0;0;0.0;1.0;1.0;1993.0;356.0;0.0;0.0;;;;0.0;0.0;;;;;;;;208852132;208852132;208852132
0.0;1.0;1.0;0.0;44217.0;0.0;1;0.0;1.0;4.0;;44217.0;0.0;0.0;;;;0.0;0.0;10600.0;4.0;;;;;;236988907;236988907;236988907
0.0;0.0;1.0;427.0;;;1;;1.0;;;;0.0;0.0;;;;0.0;0.0;;;;;;;;28335907;28335907;28335907
0.0;1.0;1.0;159.0;0.0;0.0;1;0.0;1.0;;;;0.0;0.0;;;;0.0;0.0;159.0;1.0;;2009.0;;;;115741640;115741640;115741640
0.0;1.0;1.0;1057953.0;2151661.0;2014.0;1;0.0;1.0;1.0;2014.0;2151661.0;0.0;0.0;;;;0.0;0.0;;;;;;;;135488287;135488287;135488287
0.0;0.0;1.0;314.0;;;1;;1.0;;;;0.0;0.0;;;;0.0;0.0;;;;;;;;210462250;210462250;210462250
0.0;1.0;1.0;223.0;0.0;0.0;0;0.0;1.0;;;;0.0;0.0;;;;0.0;0.0;223.0;2.0;2.0;;;;;229932121;229932121;229932121
0.0;1.0;1.0;1100.0;0.0;0.0;1;4.0;1.0;;;;0.0;0.0;;;;0.0;0.0;1100.0;1.0;;1980.0;;;;323070731;323070731;323070731
0.0;1.0;1.0;183.0;44192.0;2003.0;0;0.0;1.0;4.0;2003.0;44192.0;0.0;0.0;;;;0.0;0.0;;;;;;;;3383835;3383835;3383835
0.0;0.0;1.0;1.0;;;1;;1.0;;;;0.0;0.0;;;;0.0;0.0;;;;;;;;20075564;20075564;20075564
0.0;0.0;0.0;61.0;;;1;;1.0;;;;0.0;0.0;;;;0.0;0.0;;;;;;;;60911728;60911728;60911728
0.0;1.0;1.0;1515591.0;0.0;0.0;1;0.0;1.0;;;;0.0;0.0;;;;0.0;0.0;1515591.0;2.0;;;;;;268703552;268703552;268703552
0.0;0.0;1.0;2.0;175.0;1999.0;1;0.0;1.0;1.0;1999.0;175.0;0.0;0.0;;;;0.0;0.0;4011.0;1.0;;1992.0;;;;3278625;3278625;3278625
0.0;0.0;1.0;82.0;0.0;0.0;1;2.0;1.0;;;;0.0;0.0;;;;0.0;0.0;82.0;1.0;;2003.0;;;;87881583;87881583;87881583
0.0;1.0;1.0;56.0;0.0;0.0;0;0.0;1.0;;;;0.0;0.0;;;;0.0;0.0;56.0;1.0;;;;;;170294567;170294567;170294567
0.0;1.0;1.0;125.0;0.0;0.0;1;5.0;1.0;1.0;;;0.0;0.0;;;;0.0;0.0;125.0;1.0;;2006.0;;;;145186484;145186484;145186484
0.0;1.0;1.0;136.0;0.0;0.0;0;0.0;1.0;;;;0.0;0.0;;;;0.0;0.0;136.0;1.0;2.0;;;;;59046571;59046571;59046571
0.0;1.0;1.0;1.0;1173.0;2006.0;0;0.0;1.0;1.0;2006.0;1173.0;0.0;0.0;;;;0.0;0.0;1.0;1.0;8.0;2001.0;;;;1410982;1410982;1410982
0.0;1.0;1.0;149.0;0.0;0.0;1;4.0;1.0;;;;0.0;0.0;;;;0.0;0.0;149.0;1.0;8.0;;;;;208684195;208684195;208684195
0.0;1.0;1.0;71.0;0.0;0.0;1;4.0;1.0;;;;0.0;0.0;3.0;6.0;3.0;0.0;0.0;71.0;1.0;;1969.0;71.0;;;203959561;203959561;203959561
0.0;1.0;1.0;282.0;10095.0;2011.0;0;1.0;1.0;3.0;2011.0;10095.0;0.0;0.0;;;;0.0;0.0;281.0;3.0;1.0;;;;;96856355;96856355;96856355
0.0;1.0;1.0;1935934.0;0.0;0.0;0;0.0;1.0;;;;0.0;0.0;;;;0.0;0.0;1935934.0;227.0;;2015.0;;;;248931301;248931301;248931301
0.0;1.0;1.0;12014.0;0.0;0.0;1;2.0;1.0;;;;0.0;0.0;;;;0.0;0.0;12014.0;1.0;;;;;;94335636;94335636;94335636
0.0;1.0;1.0;15501.0;0.0;0.0;1;7.0;1.0;;;;0.0;0.0;1.0;2.0;1.0;0.0;0.0;15501.0;2.0;2.0;;15501.0;34157052.0;;350687815;350687815;350687815
0.0;1.0;1.0;589.0;0.0;0.0;1;0.0;1.0;;;;0.0;0.0;;;;0.0;0.0;589.0;1.0;;2000.0;190.0;;;32100649;32100649;32100649
0.0;1.0;1.0;314.0;0.0;0.0;1;0.0;1.0;;;;0.0;0.0;;;;0.0;0.0;314.0;2.0;;2018.0;;;;147108533;147108533;147108533
0.0;1.0;1.0;1262.0;0.0;0.0;1;0.0;1.0;;;;0.0;1.0;;;;0.0;0.0;1262.0;7.0;;2008.0;;;;167830521;167830521;167830521
0.0;0.0;1.0;1064.0;;;1;;1.0;;;;0.0;0.0;;;;0.0;0.0;;;;;;;;72780112;72780112;72780112
0.0;1.0;1.0;2.0;0.0;0.0;0;1.0;1.0;;;;0.0;0.0;4.0;5.0;5.0;0.0;0.0;2.0;1.0;1.0;;;;;232465275;232465275;232465275
0.0;1.0;1.0;1113.0;0.0;0.0;1;1.0;1.0;;;;0.0;0.0;;;;0.0;0.0;1113.0;3.0;;2011.0;;;;82325529;82325529;82325529
0.0;0.0;1.0;2.0;;;0;;1.0;;;;0.0;0.0;;;;0.0;0.0;;;;;;;;19033651;19033651;19033651
0.0;0.0;1.0;650.0;;;1;;0.0;;;;0.0;0.0;;;;0.0;0.0;;;;;;;;43426131;43426131;43426131
0.0;1.0;1.0;3193.0;23124.0;1983.0;0;0.0;1.0;4.0;1983.0;23124.0;0.0;0.0;;;;0.0;0.0;3193.0;4.0;;1977.0;;;;186370970;186370970;186370970
0.0;1.0;1.0;282.0;49783.0;2002.0;1;0.0;1.0;3.0;2002.0;49783.0;0.0;0.0;;;;0.0;0.0;18268.0;3.0;;1996.0;;;;313141568;313141568;313141568
0.0;1.0;1.0;1.0;687223.0;2016.0;1;0.0;1.0;1.0;2016.0;687223.0;0.0;0.0;;;;0.0;0.0;1.0;1.0;;2017.0;;;;106288612;106288612;106288612
0.0;0.0;1.0;2.0;;;1;;1.0;;;;0.0;0.0;;;;0.0;0.0;;;;;;;;71151291;71151291;71151291
0.0;1.0;1.0;392.0;2122374.0;2002.0;1;4.0;1.0;3.0;2002.0;2122374.0;0.0;0.0;;;;0.0;0.0;649.0;3.0;;1997.0;392.0;;;345958972;345958972;345958972
0.0;1.0;1.0;2.0;0.0;0.0;1;0.0;1.0;;;;0.0;0.0;;;;0.0;0.0;2.0;1.0;;;;;;229577478;229577478;229577478
0.0;1.0;1.0;13170.0;0.0;0.0;1;0.0;1.0;;;;0.0;0.0;;;;0.0;0.0;13170.0;4.0;;2008.0;;;;158998681;158998681;158998681
0.0;0.0;1.0;103.0;;;1;;1.0;;;;0.0;0.0;;;;0.0;0.0;;;;;;;;36463467;36463467;36463467
0.0;0.0;1.0;0.0;;;1;;1.0;;;;0.0;0.0;;;;0.0;0.0;;;;;;;;205796567;205796567;205796567
0.0;1.0;1.0;22175.0;0.0;0.0;1;0.0;1.0;;;;0.0;0.0;;;;0.0;0.0;22175.0;2.0;;1991.0;;;;160386725;160386725;160386725
0.0;1.0;1.0;2220.0;0.0;0.0;0;0.0;1.0;;;;0.0;0.0;;;;0.0;0.0;2220.0;139.0;;1987.0;;;;283323914;283323914;283323914
0.0;1.0;1.0;1.0;0.0;0.0;1;0.0;1.0;;;;0.0;0.0;;;;0.0;0.0;1.0;1.0;;;;;;178933706;178933706;178933706
0.0;1.0;1.0;104.0;3036.0;0.0;1;0.0;1.0;1.0;;3036.0;0.0;0.0;;;;0.0;0.0;104.0;1.0;;1999.0;;;;162747151;162747151;162747151
0.0;1.0;1.0;1509.0;0.0;0.0;1;0.0;1.0;;;;0.0;0.0;;;;0.0;0.0;1509.0;2.0;;2020.0;;;;249718083;249718083;249718083
0.0;1.0;1.0;0.0;54344.0;2020.0;1;0.0;1.0;0.0;2020.0;54344.0;0.0;1.0;2.0;;;0.0;0.0;314.0;2.0;8.0;2017.0;;;;191984033;191984033;191984033
0.0;1.0;1.0;9.0;0.0;0.0;1;1.0;1.0;;;;0.0;1.0;;;;0.0;0.0;9.0;28.0;;;;;;212535228;212535228;212535228
0.0;0.0;1.0;146.0;0.0;0.0;1;1.0;1.0;;;;0.0;0.0;4.0;6.0;2.0;0.0;0.0;146.0;1.0;16.0;;;;;330883401;330883401;330883401
0.0;1.0;1.0;183.0;0.0;1984.0;1;4.0;1.0;4.0;1984.0;;1.0;0.0;;;;0.0;0.0;183.0;4.0;;1984.0;;;;328731042;328731042;328731042
0.0;1.0;1.0;3404.0;0.0;0.0;1;0.0;1.0;;;;1.0;1.0;1.0;2.0;1.0;0.0;0.0;3404.0;1.0;;;;;;153785719;153785719;153785719
0.0;1.0;1.0;57.0;0.0;0.0;1;0.0;1.0;;;;0.0;0.0;;2.0;;0.0;0.0;7488.0;1.0;;2004.0;57.0;;;331492396;331492396;331492396
0.0;1.0;1.0;1.0;0.0;0.0;1;0.0;1.0;;;;0.0;0.0;;;;0.0;0.0;1.0;1.0;1.0;;;;;298124079;298124079;298124079
0.0;0.0;0.0;1.0;;;1;;1.0;;;;0.0;0.0;;;;0.0;0.0;;;;;;;;12480987;12480987;12480987
0.0;1.0;1.0;4177226.0;0.0;0.0;1;0.0;1.0;;;;0.0;1.0;;;;0.0;0.0;4177226.0;199.0;2.0;;;;;214744165;214744165;214744165
0.0;1.0;1.0;104.0;0.0;0.0;0;1.0;1.0;;;;0.0;0.0;;;;0.0;0.0;104.0;1.0;8.0;;;;;77355967;77355967;77355967
0.0;1.0;1.0;223.0;0.0;0.0;1;5.0;1.0;2.0;;;0.0;0.0;;;;0.0;0.0;223.0;2.0;;1981.0;;;;116028311;116028311;116028311
0.0;1.0;1.0;4553191.0;2181454.0;2014.0;0;0.0;1.0;21.0;2014.0;2181454.0;0.0;0.0;;;;0.0;0.0;4553191.0;21.0;;2000.0;;;;183157491;183157491;183157491
0.0;1.0;1.0;136.0;0.0;0.0;0;6.0;1.0;;;;0.0;0.0;;;;0.0;0.0;3521.0;2.0;;1983.0;136.0;;;154134121;154134121;154134121
0.0;1.0;1.0;65.0;38376.0;2006.0;1;4.0;1.0;1.0;2006.0;38376.0;0.0;0.0;5.0;;2.0;0.0;0.0;65.0;1.0;;1999.0;;;;50921810;50921810;50921810
0.0;1.0;1.0;119.0;0.0;0.0;0;0.0;1.0;1.0;;;0.0;0.0;;;;0.0;0.0;;;;;;;;86087622;86087622;86087622
0.0;1.0;1.0;1155021.0;0.0;0.0;1;0.0;1.0;;;;0.0;0.0;;;;0.0;0.0;1154956.0;1.0;;2017.0;;;;76484897;76484897;76484897
0.0;1.0;1.0;2204899.0;0.0;0.0;0;0.0;1.0;;;;0.0;0.0;;;;0.0;0.0;2204899.0;200.0;;2012.0;;;;352045272;352045272;352045272
0.0;0.0;1.0;1.0;;;1;;1.0;;;;0.0;0.0;;;;0.0;0.0;;;;;;;;137635417;137635417;137635417
0.0;0.0;1.0;125.0;;;1;;1.0;;;;0.0;0.0;;;;0.0;0.0;;;;;;;;2224843;2224843;2224843
0.0;0.0;1.0;57.0;42322.0;0.0;1;0.0;1.0;1.0;;42322.0;0.0;0.0;5.0;2.0;;0.0;0.0;;;;;;;;123269007;123269007;123269007
0.0;1.0;1.0;1957236.0;0.0;0.0;1;0.0;1.0;;;;0.0;0.0;;;;0.0;0.0;1957236.0;5.0;;;;;;315173372;315173372;315173372
0.0;1.0;1.0;14.0;2129909.0;0.0;1;0.0;1.0;4.0;;2129909.0;0.0;0.0;;;;0.0;0.0;14.0;4.0;13.0;2011.0;;;;246717925;246717925;246717925
0.0;0.0;1.0;177.0;0.0;0.0;1;2.0;1.0;1.0;;;0.0;0.0;4.0;2.0;4.0;0.0;0.0;177.0;1.0;;2017.0;;;;47159617;47159617;47159617
0.0;1.0;1.0;292.0;2145994.0;0.0;1;0.0;1.0;2.0;;2145994.0;0.0;0.0;;;;0.0;0.0;292.0;2.0;8.0;1987.0;;;;315949979;315949979;315949979
0.0;1.0;1.0;37.0;2138588.0;2006.0;0;0.0;1.0;1.0;2006.0;2138588.0;0.0;0.0;;;;0.0;0.0;;;;;;;;67513163;67513163;67513163
0.0;1.0;1.0;1704236.0;933860.0;2009.0;0;0.0;1.0;87.0;2009.0;933860.0;0.0;0.0;;;;0.0;0.0;1704236.0;87.0;;2009.0;;;;186781488;186781488;186781488
0.0;1.0;1.0;17.0;0.0;0.0;0;0.0;1.0;;;;0.0;0.0;;;;0.0;0.0;17.0;1.0;;1970.0;;;;201945956;201945956;201945956
0.0;1.0;1.0;1.0;0.0;0.0;1;2.0;1.0;1.0;;;0.0;0.0;2.0;5.0;4.0;0.0;0.0;859.0;1.0;;2010.0;;;;168090433;168090433;168090433
0.0;1.0;1.0;665.0;0.0;2012.0;1;1.0;1.0;2.0;2012.0;;0.0;0.0;;;;0.0;0.0;665.0;2.0;;2012.0;;;;232845440;232845440;232845440
0.0;1.0;1.0;14.0;2139928.0;2008.0;1;0.0;1.0;4.0;2008.0;2139928.0;0.0;0.0;4.0;2.0;4.0;0.0;0.0;14.0;4.0;;2000.0;;;;171576751;171576751;171576751
0.0;0.0;1.0;1.0;;;1;;1.0;;;;0.0;0.0;;;;0.0;0.0;;;;;;;;2384083;2384083;2384083
0.0;1.0;1.0;1.0;4746.0;0.0;1;6.0;1.0;1.0;;4746.0;0.0;0.0;;;;0.0;0.0;123.0;1.0;15.0;;;;;119556839;119556839;119556839
0.0;1.0;1.0;354.0;0.0;0.0;1;4.0;1.0;;;;0.0;0.0;5.0;2.0;5.0;0.0;0.0;354.0;1.0;8.0;2019.0;;;;320701921;320701921;320701921
0.0;0.0;1.0;0.0;;;1;;1.0;;;;0.0;0.0;;;;0.0;0.0;;;;;;;;313710139;313710139;313710139
0.0;1.0;1.0;284.0;0.0;0.0;1;0.0;1.0;;;;0.0;0.0;;;;0.0;0.0;284.0;4.0;;;;;;230289224;230289224;230289224
0.0;1.0;1.0;19.0;276087.0;2016.0;0;0.0;1.0;1.0;2016.0;276087.0;0.0;0.0;;;;0.0;0.0;19.0;1.0;1.0;2016.0;;;;95034702;95034702;95034702
0.0;1.0;1.0;1515250.0;0.0;0.0;1;7.0;1.0;;;;1.0;1.0;;;;0.0;0.0;1515250.0;2.0;;2016.0;;;;151913448;151913448;151913448
0.0;1.0;1.0;0.0;0.0;0.0;1;0.0;1.0;;;;0.0;0.0;;;;0.0;0.0;650.0;2.0;6.0;2017.0;;;;85552796;85552796;85552796
0.0;1.0;1.0;0.0;0.0;0.0;1;4.0;1.0;;;;0.0;0.0;2.0;2.0;4.0;0.0;0.0;1148156.0;1.0;;1997.0;1148156.0;;;179639488;179639488;179639488
0.0;1.0;1.0;205.0;0.0;0.0;1;0.0;1.0;4.0;;;1.0;1.0;;;;0.0;0.0;205.0;4.0;;2017.0;;;;259473229;259473229;259473229
0.0;1.0;1.0;1.0;0.0;0.0;1;0.0;1.0;1.0;;;0.0;0.0;;;;0.0;0.0;;;;;;;;347826436;347826436;347826436
0.0;1.0;1.0;13833.0;0.0;0.0;0;0.0;1.0;;;;0.0;0.0;;;;0.0;0.0;13833.0;3.0;2.0;2010.0;;;;234147217;234147217;234147217
0.0;1.0;1.0;382.0;0.0;0.0;0;0.0;1.0;;;;0.0;0.0;;;;0.0;0.0;382.0;1.0;;2008.0;;;;74582678;74582678;74582678
0.0;1.0;1.0;1.0;945.0;2015.0;1;1.0;1.0;1.0;2015.0;945.0;0.0;0.0;;;;0.0;0.0;1.0;1.0;;2016.0;1.0;;2009.0;34229059;34229059;34229059
0.0;1.0;1.0;314.0;0.0;0.0;0;0.0;1.0;2.0;;;0.0;0.0;;;;0.0;0.0;314.0;2.0;;;;;;199549526;199549526;199549526
0.0;1.0;1.0;102.0;0.0;0.0;0;6.0;1.0;;;;0.0;0.0;1.0;2.0;1.0;0.0;0.0;102.0;1.0;;;;;;290635163;290635163;290635163
0.0;1.0;1.0;87.0;0.0;0.0;1;0.0;1.0;;;;0.0;0.0;;;;0.0;0.0;87.0;1.0;;;;;;103367488;103367488;103367488
0.0;0.0;1.0;5090048.0;;;1;;1.0;;;;0.0;0.0;;;;0.0;0.0;;;;;;;;216382761;216382761;216382761
0.0;1.0;1.0;15401.0;0.0;0.0;1;0.0;1.0;;;;0.0;0.0;;;;0.0;0.0;15401.0;2.0;;2016.0;;;;109170673;109170673;109170673
0.0;1.0;1.0;15401.0;0.0;0.0;1;0.0;1.0;;;;0.0;0.0;;;;0.0;0.0;15401.0;2.0;;2016.0;;;;109170673;109170673;109170673
0.0;1.0;1.0;60.0;0.0;0.0;0;0.0;1.0;1.0;;;0.0;0.0;;;;0.0;0.0;151.0;1.0;2.0;2005.0;;;;283831928;283831928;283831928
0.0;1.0;1.0;604.0;0.0;0.0;1;4.0;1.0;;;;0.0;0.0;;;;0.0;0.0;604.0;1.0;2.0;2004.0;;;;57368931;57368931;57368931
0.0;1.0;1.0;528.0;0.0;0.0;1;0.0;1.0;;;;0.0;0.0;;;;0.0;0.0;1510805.0;2.0;;2010.0;;;;109392386;109392386;109392386
0.0;1.0;1.0;2292.0;0.0;0.0;0;0.0;1.0;;;;0.0;0.0;;;;0.0;0.0;2292.0;1.0;;1993.0;;;;323948448;323948448;323948448
0.0;1.0;1.0;72.0;0.0;0.0;0;0.0;1.0;1.0;;;0.0;0.0;;;;0.0;0.0;17674.0;1.0;;2015.0;;;;240975609;240975609;240975609
0.0;1.0;1.0;4892.0;0.0;0.0;1;1.0;1.0;;;;0.0;0.0;;;;0.0;0.0;4892.0;1.0;;1990.0;;;;159871208;159871208;159871208
0.0;0.0;1.0;1.0;;;1;;1.0;;;;0.0;0.0;;;;0.0;0.0;;;;;;;;106976315;106976315;106976315
0.0;1.0;1.0;28.0;22304.0;1997.0;1;4.0;1.0;1.0;1997.0;22304.0;0.0;0.0;;;;0.0;0.0;3880.0;1.0;1.0;1992.0;28.0;;2010.0;72954426;72954426;72954426
0.0;1.0;1.0;135.0;0.0;0.0;1;0.0;1.0;;;;0.0;0.0;;;;0.0;0.0;135.0;1.0;15.0;1980.0;;;;228332554;228332554;228332554
0.0;0.0;1.0;314.0;;;1;;1.0;;;;0.0;0.0;;;;0.0;0.0;;;;;;;;231957330;231957330;231957330
0.0;1.0;1.0;21311.0;221068.0;0.0;1;4.0;1.0;2.0;;221068.0;0.0;0.0;2.0;2.0;4.0;0.0;0.0;21311.0;2.0;;2002.0;;;;182345135;182345135;182345135
0.0;1.0;1.0;35.0;0.0;0.0;1;0.0;1.0;;;;0.0;0.0;;;;0.0;0.0;35.0;1.0;1.0;;;;;96175681;96175681;96175681
0.0;1.0;1.0;650.0;18218.0;2010.0;1;0.0;1.0;2.0;2010.0;18218.0;0.0;0.0;;;;0.0;0.0;;;;;;;;90596330;90596330;90596330
0.0;1.0;1.0;3827.0;0.0;2017.0;1;6.0;1.0;2.0;2017.0;;0.0;0.0;;;;0.0;0.0;3827.0;2.0;;2010.0;;;;159508019;159508019;159508019
0.0;1.0;1.0;151.0;0.0;0.0;1;2.0;1.0;;;;0.0;0.0;;;;0.0;0.0;151.0;1.0;;2010.0;;;;85426114;85426114;85426114
0.0;1.0;1.0;1965294.0;321044.0;2004.0;1;1.0;1.0;7.0;2004.0;321044.0;1.0;1.0;;;;0.0;0.0;1965294.0;7.0;;2003.0;;;;200832938;200832938;200832938
0.0;1.0;1.0;5891.0;0.0;0.0;1;0.0;1.0;;;;0.0;0.0;;;;0.0;0.0;5891.0;2.0;;;;;;228071220;228071220;228071220
0.0;1.0;1.0;2256.0;35588.0;1975.0;1;4.0;1.0;2.0;1975.0;35588.0;0.0;0.0;;;;0.0;0.0;2256.0;2.0;;1964.0;;;;313180099;313180099;313180099
0.0;1.0;1.0;1.0;0.0;2004.0;1;2.0;1.0;1.0;2004.0;;0.0;0.0;;;;0.0;0.0;125.0;1.0;;;1.0;;;38459204;38459204;38459204
0.0;0.0;1.0;183.0;;;1;;1.0;;;;0.0;0.0;;;;0.0;0.0;;;;;;;;52187788;52187788;52187788
0.0;1.0;1.0;314.0;0.0;0.0;0;0.0;1.0;2.0;;;0.0;0.0;;;;0.0;0.0;;;;;;;;257887262;257887262;257887262
0.0;1.0;1.0;13799.0;0.0;0.0;1;0.0;1.0;;;;1.0;0.0;;;;0.0;0.0;13799.0;1.0;;;;;;206951796;206951796;206951796
0.0;1.0;1.0;123.0;0.0;0.0;1;0.0;1.0;1.0;;;0.0;0.0;;;;0.0;0.0;;;;;;;;86571311;86571311;86571311
0.0;0.0;1.0;0.0;22.0;2013.0;1;0.0;1.0;0.0;2013.0;22.0;0.0;0.0;;;;0.0;0.0;;;;;;;;99235549;99235549;99235549
0.0;1.0;1.0;627.0;0.0;0.0;0;0.0;1.0;;;;0.0;0.0;;;;0.0;0.0;627.0;2.0;13.0;2000.0;;;;231759561;231759561;231759561
0.0;1.0;1.0;0.0;104.0;1993.0;1;4.0;1.0;0.0;1993.0;104.0;0.0;0.0;;;;0.0;0.0;;;;;;;;286439518;286439518;286439518
0.0;0.0;1.0;1920563.0;;;1;;1.0;;;;0.0;0.0;;;;0.0;0.0;;;;;;;;3227784;3227784;3227784
0.0;1.0;1.0;49.0;0.0;0.0;0;0.0;1.0;;;;0.0;0.0;;;;0.0;0.0;49.0;1.0;4.0;2016.0;;;;330613844;330613844;330613844
0.0;0.0;0.0;2.0;;;1;;1.0;;;;0.0;0.0;;;;0.0;0.0;;;;;;;;22614532;22614532;22614532
0.0;1.0;1.0;455.0;0.0;0.0;0;0.0;1.0;;;;0.0;0.0;;;;0.0;0.0;455.0;2.0;;;;;;278451272;278451272;278451272
0.0;1.0;1.0;22.0;2147899.0;1998.0;1;4.0;1.0;1.0;1998.0;2147899.0;0.0;0.0;;;;0.0;0.0;22.0;1.0;;1991.0;22.0;;;91385642;91385642;91385642
0.0;1.0;1.0;2203360.0;1951647.0;2016.0;0;0.0;1.0;200.0;2016.0;1951647.0;0.0;0.0;;;;0.0;0.0;2203360.0;200.0;;;;;;327517364;327517364;327517364
0.0;1.0;1.0;1161100.0;0.0;0.0;1;6.0;1.0;;;;0.0;0.0;;;;0.0;0.0;1161100.0;1.0;;2011.0;;;;140271311;140271311;140271311
0.0;1.0;1.0;722.0;0.0;0.0;1;6.0;1.0;;;;0.0;0.0;;;;0.0;0.0;722.0;1.0;;;;;;256866867;256866867;256866867
0.0;0.0;1.0;146.0;2649.0;2003.0;1;4.0;1.0;1.0;2003.0;2649.0;0.0;0.0;;;;0.0;0.0;146.0;1.0;;;;;;304166117;304166117;304166117
0.0;1.0;1.0;1901538.0;2048504.0;2004.0;1;0.0;1.0;145.0;2004.0;2048504.0;0.0;0.0;;;;0.0;0.0;;;;;;;;337337028;337337028;337337028
0.0;1.0;1.0;2.0;0.0;0.0;0;0.0;1.0;1.0;;;0.0;0.0;;;;0.0;0.0;2.0;1.0;3.0;2018.0;;;;181954205;181954205;181954205
0.0;1.0;1.0;151.0;1887.0;0.0;1;1.0;1.0;1.0;;1887.0;1.0;1.0;3.0;5.0;1.0;0.0;0.0;151.0;1.0;8.0;;;;;25004497;25004497;25004497
0.0;1.0;1.0;367.0;0.0;0.0;0;0.0;1.0;;;;0.0;0.0;;;;0.0;0.0;367.0;18.0;;1990.0;;;;253201885;253201885;253201885
0.0;1.0;1.0;467.0;313066.0;2008.0;1;4.0;1.0;3.0;2008.0;313066.0;0.0;0.0;;;;0.0;0.0;1515906.0;3.0;;1998.0;;;;369456441;369456441;369456441
0.0;0.0;1.0;0.0;;;1;;1.0;;;;0.0;0.0;;;;0.0;0.0;;;;;;;;288676838;288676838;288676838
0.0;1.0;1.0;1956352.0;0.0;0.0;0;0.0;1.0;;;;0.0;0.0;;;;0.0;0.0;1956352.0;51.0;;;;;;263725910;263725910;263725910
0.0;0.0;1.0;60.0;0.0;0.0;0;0.0;1.0;;;;0.0;0.0;2.0;2.0;2.0;0.0;0.0;1094579.0;1.0;;;;;;352808755;352808755;352808755
0.0;0.0;1.0;458.0;;;0;;0.0;;;;0.0;0.0;;;;0.0;0.0;;;;;;;;273448414;273448414;273448414
0.0;1.0;1.0;4677485.0;0.0;2013.0;0;0.0;1.0;126.0;2013.0;;0.0;0.0;;;;0.0;0.0;4677485.0;126.0;;2018.0;;;;201155777;201155777;201155777
0.0;1.0;1.0;377.0;0.0;0.0;1;4.0;1.0;;;;0.0;0.0;;;;0.0;0.0;377.0;2.0;1.0;;;;;144515383;144515383;144515383
0.0;1.0;1.0;1057.0;0.0;0.0;1;0.0;1.0;2.0;;;0.0;0.0;;;;0.0;0.0;1057.0;2.0;8.0;;;;;302294103;302294103;302294103
0.0;0.0;1.0;72.0;;;1;;1.0;;;;0.0;0.0;;;;0.0;0.0;;;;;;;;92506174;92506174;92506174
0.0;1.0;1.0;10.0;0.0;0.0;1;6.0;1.0;;;;0.0;0.0;;;;0.0;0.0;10.0;1.0;;;;;;186596332;186596332;186596332
0.0;1.0;1.0;282.0;164283.0;0.0;1;0.0;1.0;3.0;;164283.0;0.0;0.0;;;;0.0;0.0;282.0;3.0;9.0;2016.0;;;;141679299;141679299;141679299
0.0;0.0;1.0;185.0;;;0;;1.0;;;;0.0;0.0;;;;0.0;0.0;;;;;;;;40228293;40228293;40228293
0.0;1.0;1.0;0.0;0.0;0.0;1;0.0;1.0;;;;0.0;0.0;;;;0.0;0.0;589.0;1.0;;;;;;175385674;175385674;175385674
0.0;0.0;1.0;1.0;;;1;;1.0;;;;0.0;0.0;;;;0.0;0.0;;;;;;;;15286909;15286909;15286909
0.0;1.0;1.0;95.0;2187014.0;2007.0;1;0.0;1.0;1.0;2007.0;2187014.0;0.0;0.0;;5.0;;0.0;0.0;95.0;1.0;7.0;1993.0;95.0;;;169667703;169667703;169667703
0.0;1.0;1.0;916.0;0.0;0.0;0;0.0;1.0;;;;0.0;0.0;;;;0.0;0.0;916.0;2.0;;1991.0;;;;103541063;103541063;103541063
0.0;1.0;1.0;3962.0;0.0;0.0;0;0.0;1.0;;;;0.0;0.0;;;;0.0;0.0;3962.0;2.0;;;;;;62434487;62434487;62434487
0.0;1.0;1.0;5315.0;0.0;0.0;0;0.0;1.0;;;;0.0;0.0;;;;0.0;0.0;5315.0;1.0;;1995.0;;;;232930577;232930577;232930577
0.0;0.0;1.0;314.0;;;1;;1.0;;;;0.0;0.0;;;;0.0;0.0;;;;;;;;141097076;141097076;141097076
0.0;1.0;1.0;2179.0;0.0;0.0;1;0.0;1.0;;;;0.0;0.0;;;;0.0;0.0;2179.0;3.0;;2012.0;;;;125707880;125707880;125707880
0.0;1.0;1.0;88.0;162141.0;2002.0;0;0.0;1.0;1.0;2002.0;162141.0;0.0;0.0;;;;0.0;0.0;88.0;1.0;8.0;;;;;232689840;232689840;232689840
0.0;1.0;1.0;1.0;0.0;0.0;0;0.0;1.0;;;;0.0;0.0;;;;0.0;0.0;1.0;1.0;;2000.0;;;;190818402;190818402;190818402
0.0;1.0;1.0;1.0;1810.0;1969.0;0;4.0;1.0;1.0;1969.0;1810.0;0.0;0.0;;;;0.0;0.0;;;;;1.0;;2001.0;344029540;344029540;344029540
0.0;1.0;1.0;628.0;0.0;0.0;0;0.0;1.0;2.0;;;0.0;0.0;;;;0.0;0.0;;;;;;;;66067696;66067696;66067696
0.0;1.0;1.0;0.0;0.0;0.0;1;3.0;1.0;;;;0.0;0.0;;;;0.0;0.0;2262.0;3.0;8.0;;;;;321381167;321381167;321381167
0.0;1.0;1.0;1927116.0;0.0;0.0;0;0.0;1.0;;;;0.0;0.0;;;;0.0;0.0;1927116.0;76.0;;1996.0;;;;165987113;165987113;165987113
0.0;1.0;1.0;5648.0;0.0;0.0;0;0.0;1.0;;;;0.0;0.0;;;;0.0;0.0;5648.0;2.0;;1968.0;;;;214262259;214262259;214262259
0.0;1.0;1.0;1.0;352.0;2016.0;0;1.0;1.0;1.0;2016.0;352.0;0.0;0.0;;;;0.0;0.0;1.0;1.0;;2015.0;;;;119742215;119742215;119742215
0.0;0.0;1.0;0.0;;;0;;1.0;;;;0.0;0.0;;;;0.0;0.0;;;;;;;;67098733;67098733;67098733
0.0;1.0;1.0;280.0;2149342.0;2016.0;1;4.0;1.0;2.0;2016.0;2149342.0;0.0;0.0;;;;0.0;0.0;280.0;2.0;;2006.0;;;;258957243;258957243;258957243
0.0;0.0;1.0;2642.0;;;1;;1.0;;;;0.0;0.0;;;;0.0;0.0;;;;;;;;563737;563737;563737
0.0;1.0;1.0;1991.0;214201.0;0.0;1;0.0;1.0;1.0;;214201.0;0.0;0.0;;;;0.0;0.0;;;;;;;;113717055;113717055;113717055
0.0;1.0;1.0;1113.0;0.0;2007.0;1;0.0;1.0;3.0;2007.0;;0.0;0.0;;;;0.0;0.0;1113.0;3.0;;1997.0;;;;156239637;156239637;156239637
0.0;1.0;1.0;73.0;0.0;0.0;0;6.0;1.0;;;;0.0;0.0;;;;0.0;0.0;73.0;1.0;1.0;;;;;144367641;144367641;144367641
0.0;1.0;1.0;1.0;0.0;0.0;1;0.0;1.0;;;;0.0;0.0;;;;0.0;0.0;1.0;1.0;8.0;;;;;213633246;213633246;213633246
0.0;1.0;1.0;73.0;44515.0;2011.0;1;0.0;1.0;1.0;2011.0;44515.0;0.0;0.0;;;;0.0;0.0;;;;;;;;73862899;73862899;73862899
0.0;1.0;1.0;502.0;0.0;0.0;1;0.0;1.0;;;;0.0;0.0;;;;0.0;0.0;502.0;1.0;;2000.0;;;;299512652;299512652;299512652
0.0;1.0;1.0;1.0;0.0;0.0;1;0.0;1.0;;;;0.0;0.0;;;;0.0;0.0;1.0;1.0;;2017.0;;;;72987035;72987035;72987035
0.0;1.0;1.0;104.0;0.0;0.0;1;0.0;1.0;;;;0.0;0.0;2.0;;2.0;0.0;0.0;104.0;1.0;;1974.0;;;;51852894;51852894;51852894
0.0;1.0;1.0;1035929.0;0.0;0.0;1;0.0;1.0;;;;0.0;0.0;;;;0.0;0.0;1035929.0;1.0;;2012.0;;;;73090564;73090564;73090564
0.0;1.0;1.0;2538.0;0.0;0.0;1;0.0;1.0;;;;0.0;1.0;;;;0.0;0.0;2538.0;2.0;;;;;;203775570;203775570;203775570
0.0;1.0;1.0;1083278.0;0.0;0.0;1;4.0;1.0;;;;0.0;0.0;;;;0.0;0.0;1083278.0;1.0;;1995.0;;;;68068331;68068331;68068331
